logistic_weight,xgboost_weight,mean_brier,delta_vs_logistic,delta_vs_xgboost
0.0,1.0,0.07218861617575986,0.0032674542872497686,0.0
0.1,0.9,0.07174351376461349,0.002822351876103399,-0.0004451024111463697
0.2,0.8,0.0713247129051163,0.0024035510166062063,-0.0008639032706435623
0.3,0.7,0.07093221359726828,0.002011051708758191,-0.0012564025784915778
0.4,0.6,0.07056601584106952,0.001644853952559422,-0.0016226003346903467
0.5,0.5,0.07022611963651992,0.0013049577480098301,-0.0019624965392399385
0.6,0.4,0.06991252498361956,0.000991363095109471,-0.0022760911921402976
0.7,0.3,0.06962523188236838,0.0007040699938582889,-0.0025633842933914797
0.8,0.2,0.0693642403327664,0.0004430784442563118,-0.002824375842993457
0.9,0.1,0.06912955033481365,0.00020838844630355347,-0.003059065840946215
1.0,0.0,0.0689211618885101,0.0,-0.0032674542872497686
