as_of,forecast_date,outcome,adaptive_agent,analyst_agent,historical_frequency,hybrid_agent_adjusted,hybrid_anchor,logistic_c_0_001,xgb_50_depth2_lr0_03_minchild3_l2_5
2018-01-01,2018-04-01,0.0,0.058,0.05,0.06375227686703097,0.058,0.05827915949664922,0.05827915949664922,0.03169894590973854
2018-02-01,2018-05-01,0.0,0.055,0.08,0.06363636363636363,0.065,0.05780021418284348,0.05780021418284348,0.05238844081759453
2018-03-01,2018-06-01,0.0,0.055,0.05,0.06352087114337568,0.058,0.05796100576794664,0.05796100576794664,0.030501529574394226
2018-04-01,2018-07-01,0.0,0.065,0.08,0.06340579710144928,0.065,0.061187908035554274,0.061187908035554274,0.030335301533341408
2018-05-01,2018-08-01,0.0,0.055,0.08,0.06329113924050633,0.085,0.059623951120558974,0.059623951120558974,0.04841608554124832
2018-06-01,2018-09-01,0.0,0.063,0.08,0.0631768953068592,0.075,0.06336615679077409,0.06336615679077409,0.039699967950582504
2018-07-01,2018-10-01,0.0,0.055,0.08,0.06306306306306306,0.065,0.058598132173098255,0.058598132173098255,0.0340878926217556
2018-08-01,2018-11-01,0.0,0.055,0.12,0.06294964028776978,0.065,0.05714126279903641,0.05714126279903641,0.029688911512494087
2018-09-01,2018-12-01,0.0,0.055,0.05,0.06283662477558348,0.0557,0.05571478817502238,0.05571478817502238,0.02956486865878105
2018-10-01,2019-01-01,0.0,0.05,0.04,0.06272401433691756,0.055,0.055697593735500046,0.055697593735500046,0.02940630353987217
2018-11-01,2019-02-01,0.0,0.06,0.12,0.0626118067978533,0.09453510993897833,0.06453510920404289,0.06453510920404289,0.04872920736670494
2018-12-01,2019-03-01,0.0,0.068,0.12,0.0625,0.09427457278729906,0.06427457203620024,0.06427457203620024,0.08102866262197495
2019-01-01,2019-04-01,0.0,0.065,0.18,0.062388591800356503,0.09827461237705169,0.06827462369664905,0.06827462369664905,0.0733458548784256
2019-02-01,2019-05-01,0.0,0.064,0.12,0.06227758007117438,0.085,0.06430843461757971,0.06430843461757971,0.11629296839237213
2019-03-01,2019-06-01,0.0,0.062,0.12,0.06216696269982238,0.085,0.06206808432780956,0.06206808432780956,0.10655960440635681
2019-04-01,2019-07-01,0.0,0.065,0.18,0.06205673758865248,0.08,0.058074651480429305,0.058074651480429305,0.07374972105026245
2019-05-01,2019-08-01,0.0,0.065,0.18,0.061946902654867256,0.085,0.059575988727502575,0.059575988727502575,0.08421660214662552
2019-06-01,2019-09-01,0.0,0.055,0.18,0.061837455830388695,0.065,0.057075291243421276,0.057075291243421276,0.07815449684858322
2019-07-01,2019-10-01,0.0,0.055,0.08,0.06172839506172839,0.065,0.057547897883679304,0.057547897883679304,0.030570708215236664
2019-08-01,2019-11-01,0.0,0.0605,0.12,0.061619718309859156,0.075,0.06051264054082875,0.06051264054082875,0.03667762875556946
2019-09-01,2019-12-01,0.0,0.056,0.08,0.061511423550087874,0.056,0.05603117750706408,0.05603117750706408,0.027922233566641808
2019-10-01,2020-01-01,0.0,0.061,0.12,0.06140350877192982,0.085,0.06079020629582093,0.06079020629582093,0.10266361385583878
2019-11-01,2020-02-01,0.0,0.065,0.12,0.06129597197898424,0.075,0.05884762711069493,0.05884762711069493,0.08151677250862122
2019-12-01,2020-03-01,1.0,0.052,0.12,0.06118881118881119,0.065,0.05487326237415406,0.05487326237415406,0.0713452696800232
2020-01-01,2020-04-01,1.0,0.045,0.08,0.06108202443280977,0.052,0.05236029479277658,0.05236029479277658,0.028507640585303307
2020-02-01,2020-05-01,1.0,0.055,0.08,0.06097560975609756,0.052,0.052140077468077306,0.052140077468077306,0.02733415737748146
2020-03-01,2020-06-01,1.0,0.052,0.08,0.06086956521739131,0.065,0.054119858444652474,0.054119858444652474,0.027216356247663498
2020-04-01,2020-07-01,0.0,0.24346532434574816,0.85,0.0625,0.24346532434574816,0.21346534350303703,0.21346534350303703,0.19660905003547668
2020-05-01,2020-08-01,0.0,0.30524259465373194,0.85,0.06412478336221837,0.30524259465373194,0.2752426138863407,0.2752426138863407,0.1895454376935959
2020-06-01,2020-09-01,0.0,0.14178370938216922,0.65,0.0657439446366782,0.14178370938216922,0.11178368837129353,0.11178368837129353,0.18593783676624298
2020-07-01,2020-10-01,0.0,0.10286581222778497,0.35,0.06735751295336788,0.10286581222778497,0.07286580139005637,0.07286580139005637,0.15703493356704712
2020-08-01,2020-11-01,0.0,0.045,0.12,0.06724137931034482,0.065,0.04924637263505067,0.04924637263505067,0.08705852180719376
2020-09-01,2020-12-01,0.0,0.055,0.08,0.06712564543889846,0.055,0.060800599756671424,0.060800599756671424,0.08454321324825287
2020-10-01,2021-01-01,0.0,0.065,0.12,0.06701030927835051,0.085,0.06807086692442453,0.06807086692442453,0.036405500024557114
2020-11-01,2021-02-01,1.0,0.055,0.08,0.06689536878216124,0.05,0.06009904944188579,0.06009904944188579,0.03619914874434471
2020-12-01,2021-03-01,0.0,0.055,0.05,0.06678082191780822,0.055,0.061388910139378555,0.061388910139378555,0.03597535938024521
2021-01-01,2021-04-01,0.0,0.06,0.05,0.06666666666666667,0.05,0.06272214039432558,0.06272214039432558,0.034609921276569366
2021-02-01,2021-05-01,0.0,0.06,0.08,0.06655290102389079,0.0654,0.06540022505278902,0.06540022505278902,0.034441106021404266
2021-03-01,2021-06-01,0.0,0.1073987324941089,0.28,0.06814310051107325,0.1073987324941089,0.07739873784055178,0.07739873784055178,0.16644157469272614
2021-04-01,2021-07-01,0.0,0.062,0.12,0.06802721088435375,0.075,0.06536474927442257,0.06536474927442257,0.051577161997556686
2021-05-01,2021-08-01,0.0,0.065,0.12,0.06791171477079797,0.085,0.06816208949445193,0.06816208949445193,0.07757506519556046
2021-06-01,2021-09-01,0.0,0.06,0.05,0.06779661016949153,0.055,0.06527781494113784,0.06527781494113784,0.05027211084961891
2021-07-01,2021-10-01,0.0,0.065,0.075,0.0676818950930626,0.065,0.06918041954469285,0.06918041954469285,0.050676316022872925
2021-08-01,2021-11-01,0.0,0.062,0.06,0.06756756756756757,0.068,0.06828587355057798,0.06828587355057798,0.051202960312366486
2021-09-01,2021-12-01,0.0,0.0706,0.09,0.06745362563237774,0.075,0.07058964081532171,0.07058964081532171,0.05219452083110809
2021-10-01,2022-01-01,0.0,0.085,0.15,0.06734006734006734,0.10584595533586617,0.0758459508565538,0.0758459508565538,0.09841671586036682
2021-11-01,2022-02-01,0.0,0.065,0.12,0.06722689075630252,0.075,0.069884738949092,0.069884738949092,0.04617028683423996
2021-12-01,2022-03-01,0.0,0.072,0.09,0.06711409395973154,0.085,0.07533511831602356,0.07533511831602356,0.06465872377157211
2022-01-01,2022-04-01,0.0,0.072,0.12,0.06700167504187604,0.085,0.07512972840915724,0.07512972840915724,0.06415830552577972
2022-02-01,2022-05-01,0.0,0.075,0.18,0.06688963210702341,0.10761197025694623,0.0776119698514409,0.0776119698514409,0.13018126785755157
2022-03-01,2022-06-01,0.0,0.085,0.12,0.0667779632721202,0.10876728314795436,0.07876728249363937,0.07876728249363937,0.059789858758449554
2022-04-01,2022-07-01,0.0,0.072,0.12,0.06666666666666667,0.085,0.07609198780356942,0.07609198780356942,0.053971067070961
2022-05-01,2022-08-01,0.0,0.075,0.12,0.06655574043261231,0.095,0.07567159577713792,0.07567159577713792,0.05300641059875488
2022-06-01,2022-09-01,0.0,0.075,0.12,0.0664451827242525,0.1101586452218149,0.0801586522219964,0.0801586522219964,0.13130012154579163
2022-07-01,2022-10-01,0.0,0.115,0.22,0.06633499170812604,0.1158334432390138,0.0858334511458165,0.0858334511458165,0.17706815898418427
2022-08-01,2022-11-01,0.0,0.072,0.18,0.06622516556291391,0.10675682202071068,0.07675681590951702,0.07675681590951702,0.06908271461725235
2022-09-01,2022-12-01,1.0,0.10824471116493489,0.28,0.06611570247933884,0.10824471116493489,0.07824470950449967,0.07824470950449967,0.10023434460163116
2022-10-01,2023-01-01,0.0,0.085,0.18,0.066006600660066,0.10753301628213063,0.07753301458753294,0.07753301458753294,0.10258731245994568
2022-11-01,2023-02-01,0.0,0.085,0.18,0.06589785831960461,0.10701772709201021,0.07701773425561158,0.07701773425561158,0.09687554091215134
2022-12-01,2023-03-01,0.0,0.085,0.18,0.06578947368421052,0.085,0.07245707691959058,0.07245707691959058,0.1091018095612526
2023-01-01,2023-04-01,0.0,0.1090271330458525,0.28,0.06732348111658457,0.1090271330458525,0.07902713221659143,0.07902713221659143,0.1717711240053177
2023-02-01,2023-05-01,0.0,0.072,0.18,0.06721311475409836,0.10404405750042511,0.074044053122862,0.074044053122862,0.14722569286823273
2023-03-01,2023-06-01,0.0,0.072,0.18,0.06710310965630115,0.10677106951423866,0.07677106373509754,0.07677106373509754,0.12418504059314728
2023-04-01,2023-07-01,0.0,0.072,0.18,0.06699346405228758,0.10604781715876732,0.07604781140620939,0.07604781140620939,0.12560927867889404
2023-05-01,2023-08-01,0.0,0.065,0.12,0.06688417618270799,0.085,0.07281335910451088,0.07281335910451088,0.10334307700395584
2023-06-01,2023-09-01,0.0,0.065,0.12,0.06677524429967427,0.085,0.07315804171639624,0.07315804171639624,0.051561444997787476
2023-07-01,2023-10-01,0.0,0.065,0.18,0.06666666666666667,0.085,0.07241875672216055,0.07241875672216055,0.0526650995016098
2023-08-01,2023-11-01,0.0,0.06,0.18,0.06655844155844155,0.085,0.0668659538026789,0.0668659538026789,0.05883699655532837
2023-09-01,2023-12-01,0.0,0.06,0.25,0.06645056726094004,0.09689873199737796,0.06689872709129302,0.06689872709129302,0.06111909821629524
2023-10-01,2024-01-01,0.0,0.06,0.08,0.06634304207119741,0.06595035322063442,0.06595034836979292,0.06595034836979292,0.05175679549574852
2023-11-01,2024-02-01,0.0,0.085,0.18,0.06623586429725363,0.1042300279363773,0.07423002557906132,0.07423002557906132,0.12880657613277435
2023-12-01,2024-03-01,0.0,0.065,0.18,0.06612903225806452,0.075,0.0683314034561154,0.0683314034561154,0.055784475058317184
2024-01-01,2024-04-01,0.0,0.06,0.28,0.06602254428341385,0.0933914167174621,0.0633914173682383,0.0633914173682383,0.04967780411243439
2024-02-01,2024-05-01,0.0,0.075,0.18,0.06591639871382636,0.085,0.06486932846529433,0.06486932846529433,0.12811337411403656
2024-03-01,2024-06-01,0.0,0.06,0.12,0.06581059390048154,0.065,0.06196823334302948,0.06196823334302948,0.0542965866625309
2024-04-01,2024-07-01,0.0,0.06,0.18,0.06570512820512821,0.085,0.062456501496347114,0.062456501496347114,0.05197451636195183
2024-05-01,2024-08-01,0.0,0.06,0.12,0.0656,0.075,0.06416632583558579,0.06416632583558579,0.05576099455356598
2024-06-01,2024-09-01,0.0,0.06,0.08,0.06549520766773163,0.065,0.06359252391851163,0.06359252391851163,0.05088716000318527
2024-07-01,2024-10-01,0.0,0.065,0.18,0.06539074960127592,0.075,0.0651550052851173,0.0651550052851173,0.04917064309120178
2024-08-01,2024-11-01,0.0,0.064,0.12,0.06528662420382166,0.075,0.06405422930092945,0.06405422930092945,0.0499580018222332
2024-09-01,2024-12-01,0.0,0.065,0.18,0.06518282988871224,0.075,0.06333306883277388,0.06333306883277388,0.0471268966794014
2024-10-01,2025-01-01,0.0,0.065,0.18,0.06507936507936508,0.075,0.06222052092571956,0.06222052092571956,0.1177087351679802
2024-11-01,2025-02-01,0.0,0.06,0.18,0.06497622820919176,0.085,0.06360276379598437,0.06360276379598437,0.10292858630418777
2024-12-01,2025-03-01,0.0,0.065,0.18,0.06487341772151899,0.085,0.06305066526254235,0.06305066526254235,0.1165977343916893
