regime_dimension,regime,predictor,n_origins,n_events,event_rate,mean_probability,brier,mean_probability_error,model_label
momentum_regime,expanding,historical_frequency,35,3,0.08571428571428572,0.06560111945213332,0.0792245589735237,-0.020113166262152416,Historical frequency
momentum_regime,expanding,logistic_c_0_001,35,3,0.08571428571428572,0.06543866889788003,0.08065718525046155,-0.02027561681640567,Logistic (C=0.001)
momentum_regime,expanding,xgb_50_depth2_lr0_03_minchild3_l2_5,35,3,0.08571428571428572,0.054925139674118585,0.08421308055664148,-0.030789146040167126,XGBoost (50 trees)
momentum_regime,expanding,hybrid_anchor,35,3,0.08571428571428572,0.06543866889788003,0.08065718525046155,-0.02027561681640567,Hybrid anchor (logistic)
momentum_regime,expanding,analyst_agent,35,3,0.08571428571428572,0.09700000000000002,0.08313214285714286,0.011285714285714286,Analyst agent
momentum_regime,expanding,hybrid_agent_adjusted,35,3,0.08571428571428572,0.07224057095050804,0.0824453555257701,-0.013473714763777673,Hybrid agent adjusted
momentum_regime,expanding,adaptive_agent,35,3,0.08571428571428572,0.06233142857142857,0.08082923885714287,-0.023382857142857132,Adaptive agent
momentum_regime,slowing,historical_frequency,43,3,0.06976744186046512,0.0645946465680896,0.06519233680307199,-0.005172795292375528,Historical frequency
momentum_regime,slowing,logistic_c_0_001,43,3,0.06976744186046512,0.06597082012802619,0.06546533244765217,-0.003796621732438918,Logistic (C=0.001)
momentum_regime,slowing,xgb_50_depth2_lr0_03_minchild3_l2_5,43,3,0.06976744186046512,0.0791550700141247,0.06803168328942107,0.009387628153659577,XGBoost (50 trees)
momentum_regime,slowing,hybrid_anchor,43,3,0.06976744186046512,0.06597082012802619,0.06546533244765217,-0.003796621732438918,Hybrid anchor (logistic)
momentum_regime,slowing,analyst_agent,43,3,0.06976744186046512,0.15488372093023253,0.07370697674418604,0.08511627906976746,Analyst agent
momentum_regime,slowing,hybrid_agent_adjusted,43,3,0.06976744186046512,0.08532249673586542,0.06618078417016608,0.01555505487540029,Hybrid agent adjusted
momentum_regime,slowing,adaptive_agent,43,3,0.06976744186046512,0.06734290025964965,0.06459611035268163,-0.0024245416008154643,Adaptive agent
momentum_regime,stressed,historical_frequency,6,0,0.0,0.06586547042998704,0.004342245317637086,0.06586547042998704,Historical frequency
momentum_regime,stressed,logistic_c_0_001,6,0,0.0,0.13829721953464513,0.025227803269941586,0.13829721953464513,Logistic (C=0.001)
momentum_regime,stressed,xgb_50_depth2_lr0_03_minchild3_l2_5,6,0,0.0,0.1778899927934011,0.03183725963937848,0.1778899927934011,XGBoost (50 trees)
momentum_regime,stressed,hybrid_anchor,6,0,0.0,0.13829721953464513,0.025227803269941586,0.13829721953464513,Hybrid anchor (logistic)
momentum_regime,stressed,analyst_agent,6,0,0.0,0.5433333333333334,0.35779999999999995,0.5433333333333334,Analyst agent
momentum_regime,stressed,hybrid_agent_adjusted,6,0,0.0,0.16829721769156594,0.03442563413378523,0.16829721769156594,Hybrid agent adjusted
momentum_regime,stressed,adaptive_agent,6,0,0.0,0.16829721769156594,0.03442563413378523,0.16829721769156594,Adaptive agent
financial_regime,restrictive,historical_frequency,43,2,0.046511627906976744,0.06560547855810421,0.044632020273532545,0.019093850651127463,Historical frequency
financial_regime,restrictive,logistic_c_0_001,43,2,0.046511627906976744,0.07744605905430024,0.047573344678974436,0.030934431147323502,Logistic (C=0.001)
financial_regime,restrictive,xgb_50_depth2_lr0_03_minchild3_l2_5,43,2,0.046511627906976744,0.09062469508065733,0.05055283427318876,0.0441130671736806,XGBoost (50 trees)
financial_regime,restrictive,hybrid_anchor,43,2,0.046511627906976744,0.07744605905430024,0.047573344678974436,0.030934431147323502,Hybrid anchor (logistic)
financial_regime,restrictive,analyst_agent,43,2,0.046511627906976744,0.20558139534883715,0.1013906976744186,0.15906976744186047,Analyst agent
financial_regime,restrictive,hybrid_agent_adjusted,43,2,0.046511627906976744,0.09632896890754362,0.050367712050567746,0.04981734100056689,Hybrid agent adjusted
financial_regime,restrictive,adaptive_agent,43,2,0.046511627906976744,0.0812704484841912,0.047736390982015826,0.034758820577214466,Adaptive agent
financial_regime,supportive,historical_frequency,41,4,0.0975609756097561,0.06457966409351121,0.08982943040852069,-0.0329813115162449,Historical frequency
financial_regime,supportive,logistic_c_0_001,41,4,0.0975609756097561,0.06406588914155825,0.09131033603509624,-0.03349508646819785,Logistic (C=0.001)
financial_regime,supportive,xgb_50_depth2_lr0_03_minchild3_l2_5,41,4,0.0975609756097561,0.06089087725594276,0.09487980207357834,-0.03667009835381333,XGBoost (50 trees)
financial_regime,supportive,hybrid_anchor,41,4,0.0975609756097561,0.06406588914155825,0.09131033603509624,-0.03349508646819785,Hybrid anchor (logistic)
financial_regime,supportive,analyst_agent,41,4,0.0975609756097561,0.10914634146341462,0.09429329268292683,0.01158536585365854,Analyst agent
financial_regime,supportive,hybrid_agent_adjusted,41,4,0.0975609756097561,0.0747542679520735,0.0920025207157901,-0.0228067076576826,Hybrid agent adjusted
financial_regime,supportive,adaptive_agent,41,4,0.0975609756097561,0.06323167640229534,0.0917206121400327,-0.03432929920746076,Adaptive agent
volatility_regime,elevated,historical_frequency,27,2,0.07407407407407407,0.06588372554324781,0.06856474129963636,-0.008190348530826261,Historical frequency
volatility_regime,elevated,logistic_c_0_001,27,2,0.07407407407407407,0.08515065187939387,0.07329781301441418,0.011076577805319796,Logistic (C=0.001)
volatility_regime,elevated,xgb_50_depth2_lr0_03_minchild3_l2_5,27,2,0.07407407407407407,0.10095590201240999,0.07661974051474932,0.026881827938335913,XGBoost (50 trees)
volatility_regime,elevated,hybrid_anchor,27,2,0.07407407407407407,0.08515065187939387,0.07329781301441418,0.011076577805319796,Hybrid anchor (logistic)
volatility_regime,elevated,analyst_agent,27,2,0.07407407407407407,0.22629629629629625,0.14278148148148148,0.15222222222222223,Analyst agent
volatility_regime,elevated,hybrid_agent_adjusted,27,2,0.07407407407407407,0.10651889044326868,0.0764669824547542,0.0324448163691946,Hybrid agent adjusted
volatility_regime,elevated,adaptive_agent,27,2,0.07407407407407407,0.09214818089883253,0.07365168089732681,0.018074106824758452,Adaptive agent
volatility_regime,normal,historical_frequency,57,4,0.07017543859649122,0.0647358108099079,0.06580588602493097,-0.005439627786583345,Historical frequency
volatility_regime,normal,logistic_c_0_001,57,4,0.07017543859649122,0.06417218234026603,0.06684801135518709,-0.00600325625622518,Logistic (C=0.001)
volatility_regime,normal,xgb_50_depth2_lr0_03_minchild3_l2_5,57,4,0.07017543859649122,0.06434348248468157,0.07008966254150172,-0.005831956111809663,XGBoost (50 trees)
volatility_regime,normal,hybrid_anchor,57,4,0.07017543859649122,0.06417218234026603,0.06684801135518709,-0.00600325625622518,Hybrid anchor (logistic)
volatility_regime,normal,analyst_agent,57,4,0.07017543859649122,0.12640350877192982,0.07667938596491226,0.0562280701754386,Analyst agent
volatility_regime,normal,hybrid_agent_adjusted,57,4,0.07017543859649122,0.07598351942265151,0.0679527445832183,0.005808080826160269,Hybrid agent adjusted
volatility_regime,normal,adaptive_agent,57,4,0.07017543859649122,0.06314258128150618,0.06709850045158242,-0.007032857314985039,Adaptive agent
