model,model_label,probability_bin,bin_lower,bin_upper,origins,mean_predicted_probability,observed_event_rate
adaptive_lite,Lite,0.0-0.2,0,0.2,81,0.0677506054693,0.0740740740741
adaptive_lite,Lite,0.2-0.4,0.2,0.4,0,,
adaptive_lite,Lite,0.4-0.6,0.4,0.6,0,,
adaptive_lite,Lite,0.6-0.8,0.6,0.8,1,0.65,0
adaptive_lite,Lite,0.8-1.0,0.8,1,2,0.85,0
adaptive_advanced,Advanced,0.0-0.2,0,0.2,83,0.0672048192771,0.0722891566265
adaptive_advanced,Advanced,0.2-0.4,0.2,0.4,0,,
adaptive_advanced,Advanced,0.4-0.6,0.4,0.6,1,0.45,0
adaptive_advanced,Advanced,0.6-0.8,0.6,0.8,0,,
adaptive_advanced,Advanced,0.8-1.0,0.8,1,0,,
