as_of,forecast_date,observed_outcome,adaptive_advanced_probability,adaptive_lite_probability,adaptive_advanced_brier_score,adaptive_lite_brier_score,adaptive_advanced_risk_direction,adaptive_lite_risk_direction,adaptive_advanced_rationale,adaptive_lite_rationale,adaptive_advanced_supporting_evidence,adaptive_lite_supporting_evidence,adaptive_advanced_countervailing_evidence,adaptive_lite_countervailing_evidence,probability_delta_advanced_minus_lite,risk_direction_agrees
2018-01-01,2018-04-01,0,0.05,0.058,0.0025000000000000005,0.0033640000000000002,down,down,"Strong three-month IPMAN growth of 0.88% and robust macroeconomic indicators, including low credit spreads and strong equity returns, keep the risk of manufacturing stress very low, justifying a slight downward adjustment from the anchor.","The 3-month IPMAN change is positive (+0.88%), well above the -2% stress threshold. Macro indicators like the yield spread and credit spread remain healthy, suggesting no imminent manufacturing stress.",Positive three-month IPMAN growth of 0.88% and strong equity returns (SPY 3M return of 6.76%),None are material,A slight one-month decline in IPMAN of -0.26%,"3-month IPMAN change is positive at 0.88%, significantly above the -2% stress threshold.",-0.008,True
2018-02-01,2018-05-01,0,0.052,0.055,0.002704,0.003025,down,down,"Strong macro indicators, including high XLI and SPY returns and low credit spreads, suggest low risk of manufacturing stress, despite a mild recent 3-month IPMAN decline of -0.50% remaining well above the -2.0% threshold.","The 3-month IPMAN contraction of -0.5% is well above the -2% stress threshold. Strong equity returns and a positive yield spread suggest a stable macroeconomic environment, reducing the likelihood of imminent manufacturing stress.",Strong XLI 3-month return of 12.07% and SPY 3-month return of 10.19% indicate robust economic momentum.,3-month IPMAN contraction of -0.5% is significantly above the -2% stress threshold.,Recent 3-month IPMAN decline of -0.50% and 1-month decline of -0.32% show a minor short-term slowdown.,None are material; macroeconomic indicators like SPY and XLI returns remain robust.,-0.0030000000000000027,True
2018-03-01,2018-06-01,0,0.05,0.055,0.0025000000000000005,0.003025,down,down,"Strong recent IPMAN growth (+0.87% monthly) and positive macro indicators, including low unemployment (4.1%) and solid equity returns, keep the risk of manufacturing stress very low, justifying a slight downward adjustment from the anchor.","IPMAN shows positive 3-month growth (0.29%), remaining well above the -2% stress threshold. Macro indicators, including stable credit spreads and positive equity returns, suggest a low risk of manufacturing contraction in the near term.",Positive 1-month IPMAN growth of 0.87% and 3-month growth of 0.29%,None are material,Slightly elevated VIX at 19.85 and a narrowing yield spread of 0.62%,Positive 3-month IPMAN growth of 0.29% and stable macroeconomic environment.,-0.0049999999999999975,True
2018-04-01,2018-07-01,0,0.055,0.061,0.003025,0.003721,down,neutral,"With three-month IPMAN growth positive at 0.50%, well above the -2.0% stress threshold, and a 0% trailing five-year stress rate, the risk of manufacturing stress remains low, justifying a slight downward adjustment from the anchor.","The 3-month IPMAN change is positive (+0.497%), indicating no immediate stress. While 1-month change is slightly negative, it remains far from the -2% threshold. Macro indicators show no systemic distress, supporting the statistical anchor.",Slight negative 1-month IPMAN change of -0.05% and negative 3-month XLI return of -1.43%,3-month IPMAN change is positive at 0.497%,Positive 3-month IPMAN growth of 0.50% and a 0% trailing 60-month stress rate,1-month IPMAN change is slightly negative at -0.054%,-0.005999999999999998,False
2018-05-01,2018-08-01,0,0.05,0.065,0.0025000000000000005,0.0042250000000000005,down,up,"Strong recent IPMAN growth of 1.57% over three months and low unemployment (4.0%) reduce stress risk, though negative three-month equity returns (SPY -5.79%) present a minor countervailing signal.","IPMAN shows positive 3-month growth (+1.57%), remaining well above the -2% stress threshold. While equity returns (SPY, XLI) are negative, the overall manufacturing trend remains stable, justifying a slight upward adjustment from the anchor.",Strong 3-month IPMAN growth of 1.57% and low unemployment of 4.0%,Negative 3-month returns for SPY (-5.79%) and XLI (-9.05%) suggest potential sector headwinds.,"Negative 3-month equity returns (SPY -5.79%, XLI -9.05%)","IPMAN 3-month growth is positive at 1.57%, significantly above the -2% stress threshold.",-0.015,False
2018-06-01,2018-09-01,0,0.06,0.06,0.0036,0.0036,neutral,down,"The 3-month IPMAN contraction of -0.12% remains far from the -2.0% stress threshold, though a -0.81% 1-month drop warrants caution. Strong macro indicators support a low stress probability of 0.060.","The current 3-month IPMAN contraction of -0.12% is well above the -2% stress threshold. Macroeconomic indicators remain stable, and recent IPMAN trends do not suggest an imminent breach of the stress criteria.",Recent 1-month IPMAN decline of -0.81% and negative 3-month XLI return of -2.49%,Current 3-month IPMAN contraction of -0.12% is significantly above the -2% stress threshold.,"Current 3-month IPMAN change of -0.12% is well above the -2.0% stress threshold, and UNRATE is low at 3.8%",None are material; macro indicators and IPMAN trends remain stable.,0.0,False
2018-07-01,2018-10-01,0,0.053,0.055,0.002809,0.003025,down,down,"Positive recent IPMAN growth (+0.71% monthly, +0.64% quarterly) and strong macro indicators, including low unemployment (4.0%) and credit spreads (1.89%), keep the probability of manufacturing stress low, justifying a slight downward adjustment from the anchor.","IPMAN shows positive 3-month growth (0.64%), remaining well above the -2% stress threshold. Macro indicators, including stable unemployment and positive equity returns, suggest a low risk of manufacturing stress in the near term.","XLI 3-month return is negative at -2.49%, indicating some short-term industrial sector cooling.",None are material,"IPMAN grew 0.71% in the latest month and 0.64% over the last three months, well above the -2% stress threshold.",Positive 3-month IPMAN growth of 0.64% and stable macroeconomic environment.,-0.0020000000000000018,True
2018-08-01,2018-11-01,0,0.05,0.055,0.0025000000000000005,0.003025,down,down,"With trailing three-month IPMAN contraction at a negligible -0.04%, well above the -2.0% stress threshold, and strong macroeconomic indicators including low unemployment and positive industrial equity returns, the risk of near-term manufacturing stress remains very low.","The 3-month IPMAN change is -4.05%, which is below the -2% threshold. However, the 1-month change is positive (+0.06%) and macro indicators like low VIX and positive equity returns suggest a stable environment, warranting a slight downward adjustment.","Trailing 3-month IPMAN change of -0.04% is far above the -2.0% stress threshold, supported by low unemployment of 3.8% and strong XLI 3-month return of 6.94%.",3-month IPMAN change of -4.05% is below the -2% stress threshold.,Slight trailing 3-month IPMAN contraction of -0.04% and a relatively flat yield curve spread of 0.29%.,"Positive 1-month IPMAN growth and stable macro indicators (low VIX, positive equity returns) suggest resilience.",-0.0049999999999999975,True
2018-09-01,2018-12-01,0,0.05,0.05,0.0025000000000000005,0.0025000000000000005,down,down,"Strong positive three-month IPMAN growth of 1.00% and robust macroeconomic indicators, including low unemployment and solid equity returns, suggest very low risk of manufacturing stress, justifying a slight downward adjustment from the anchor.","The 3-month IPMAN change is positive (+1.00%), far from the -2% stress threshold. Strong equity returns and a stable yield spread suggest a low probability of manufacturing stress in the near term.","Three-month IPMAN growth is positive at 1.00%, well above the -2.0% stress threshold.",3-month IPMAN change is positive at 1.00%,"The yield curve spread is narrow at 0.29%, indicating potential future economic moderation.",None are material,0.0,True
2018-10-01,2019-01-01,0,0.05,0.05,0.0025000000000000005,0.0025000000000000005,down,down,"Positive three-month IPMAN growth of 0.33% and strong macroeconomic indicators, including low unemployment (3.7%) and solid equity returns, suggest very low risk of manufacturing stress, justifying a slight downward adjustment from the anchor.","The 3-month IPMAN change is positive (+0.33%), indicating robust growth well above the -2% stress threshold. Strong equity returns and a positive yield spread further support a low probability of manufacturing stress.",Positive 3-month IPMAN growth of 0.33% and 6-month growth of 0.97%; Strong equity performance with SPY 3-month return at 7.65% and XLI 3-month return at 9.98%,IPMAN 3-month change is positive at 0.33%,A narrow yield curve spread of 0.24% indicates potential future macroeconomic deceleration,None are material,0.0,True
2018-11-01,2019-02-01,0,0.065,0.06,0.0042250000000000005,0.0036,neutral,down,"The 3-month IPMAN change of -0.11% is well above the -2% stress threshold. However, negative 1-month IPMAN growth (-0.37%) and declining industrial equity returns (-8.71%) suggest slightly elevated risk, keeping probability near the anchor.","The current 3-month IPMAN contraction of -0.11% is far from the -2% stress threshold. Recent monthly data shows relative stability, and macroeconomic indicators do not signal an imminent systemic manufacturing downturn.",Negative 1-month IPMAN growth of -0.37% and declining XLI 3-month return of -8.71%,Trailing 3-month IPMAN contraction of -0.11% is well above the -2% stress threshold.,Current 3-month IPMAN change of -0.11% is far above the -2.0% stress threshold,None are material.,0.0050000000000000044,False
2018-12-01,2019-03-01,0,0.075,0.064,0.005625,0.004096,up,neutral,"IPMAN declined for three consecutive months to -0.59% over three months, remaining above the -2.0% threshold. However, flat yield curve (0.28%) and negative industrial stock returns (-8.71%) suggest rising risk.","The 3-month IPMAN contraction of -0.59% remains well above the -2% stress threshold. While XLI and SPY returns are negative, macroeconomic indicators like the unemployment rate and yield spread suggest no immediate systemic manufacturing stress.","Three consecutive monthly declines in IPMAN, bringing the 3-month change to -0.59%; Negative 3-month XLI return of -8.71% and flat yield curve of 0.28%",Negative 3-month returns for XLI (-8.71%) and SPY (-3.37%) suggest sector-specific and broader market headwinds.,Current 3-month IPMAN contraction of -0.59% remains well above the -2.0% stress threshold,"The 3-month IPMAN contraction of -0.59% is significantly above the -2% stress threshold, and the unemployment rate remains low at 3.8%.",0.010999999999999996,False
2019-01-01,2019-04-01,0,0.065,0.085,0.0042250000000000005,0.007225000000000001,down,up,"Stable recent IPMAN growth (+0.36% monthly) and a mild 3-month contraction (-0.27%) well above the -2% threshold justify a slight downward adjustment from the anchor, despite recent equity market volatility.","While the 3-month IPMAN contraction is mild (-0.27%), significant negative equity returns (SPY -13.5%, XLI -17.3%) and elevated volatility (VIX 25.4) suggest heightened downside risks to manufacturing activity over the next three months.",IPMAN 1-month growth of 0.36% and 3-month change of -0.27% are well above the -2.0% stress threshold.,Significant negative 3-month returns in SPY (-13.5%) and XLI (-17.3%); Elevated VIX (25.42) indicating market stress,"Significant equity market declines (SPY -13.53%, XLI -17.34% over 3 months) and elevated VIX (25.42) signal potential macroeconomic headwinds.",Current 3-month IPMAN contraction of -0.27% remains well above the -2% stress threshold,-0.020000000000000004,False
2019-02-01,2019-05-01,0,0.07,0.06,0.004900000000000001,0.0036,up,down,"A sharp 1-month IPMAN decline of -0.88% and a flat yield curve increase stress risk, though the 3-month change remains above the -2.0% threshold.","The current 3-month IPMAN contraction of -0.77% remains well above the -2% stress threshold. Macroeconomic indicators, including a positive yield spread and stable unemployment, suggest no immediate systemic manufacturing stress.","IPMAN declined by 0.88% in the latest month, and the yield curve is flat at 0.18%.",3-month IPMAN contraction of -0.77% is significantly above the -2% stress threshold.,The 3-month trailing IPMAN change of -0.77% remains well above the -2.0% stress threshold.,None are material.,0.010000000000000009,False
2019-03-01,2019-06-01,0,0.085,0.075,0.007225000000000001,0.005625,up,up,"IPMAN's downward trend (-1.10% over three months) and a narrow yield spread of 0.21% signal rising risk of manufacturing stress, though low unemployment and positive equity returns provide some offset.","The 3-month IPMAN contraction of -1.1% is approaching the -2% threshold. While macro indicators remain stable, the downward trend in manufacturing output warrants a slight upward adjustment from the base rate.",Trailing 3-month IPMAN contraction of -1.10% and a narrow yield spread of 0.21%,3-month IPMAN contraction of -1.1% is trending toward the -2% stress threshold.,Low unemployment rate of 3.8% and positive SPY 3-month return of 1.69%,"Stable macroeconomic environment, including positive yield spread and moderate credit spreads.",0.010000000000000009,True
2019-04-01,2019-07-01,0,0.075,0.075,0.005625,0.005625,up,up,"With trailing three-month IPMAN contraction at -1.69%, close to the -2.0% stress threshold, risk is elevated. However, strong equity returns and low credit spreads provide a countervailing buffer.","The 3-month IPMAN contraction of -1.69% is approaching the -2% stress threshold. While macro indicators remain generally supportive, the downward momentum in manufacturing output increases the risk of hitting the threshold within three months.",Trailing three-month IPMAN contraction of -1.69% is near the -2.0% stress threshold.,3-month IPMAN contraction of -1.69% is nearing the -2% stress threshold.,Strong SPY and XLI three-month returns of 13.5% and 17.2% respectively.,Strong 3-month returns in SPY and XLI suggest broader economic and industrial resilience.,0.0,True
2019-05-01,2019-08-01,0,0.085,0.065,0.007225000000000001,0.0042250000000000005,up,up,"The 3-month IPMAN decline of -1.46% is near the -2% threshold, and the 6-month decline is -2.22%. Combined with a flat yield curve (0.24), this warrants an upward adjustment from the anchor.","The 3-month IPMAN contraction of -1.46% is approaching the -2% threshold. While macro indicators remain stable, the downward trend in IPMAN warrants a slight upward adjustment from the anchor probability.",3-month IPMAN change of -1.46% and 6-month change of -2.22% indicate a clear downward trend in manufacturing.,IPMAN 3-month contraction of -1.46% is trending toward the -2% stress threshold.,Strong equity returns (SPY 3M return of 9.4%) and low unemployment (3.7%) suggest broader economic resilience.,"Macroeconomic indicators, including the yield spread and credit spread, remain stable.",0.020000000000000004,True
2019-06-01,2019-09-01,0,0.055,0.065,0.003025,0.0042250000000000005,neutral,neutral,"IPMAN's three-month decline of -0.89% remains well above the -2.0% stress threshold, with recent one-month stabilization (-0.004%) and strong macroeconomic indicators, including positive yield spreads and robust equity returns, suggesting low near-term stress risk.","The 3-month IPMAN contraction of -0.89% remains well above the -2% stress threshold. While the 6-month trend is negative, recent equity market returns and stable credit spreads suggest limited near-term systemic manufacturing stress.",Recent 1-month IPMAN stabilization (-0.004%) and strong equity returns (SPY 3M at 9.40%),3-month IPMAN contraction of -0.89% is significantly above the -2% stress threshold.,Negative 3-month (-0.89%) and 6-month (-1.98%) IPMAN trends indicate ongoing contraction,Positive 3-month SPY and XLI returns suggest resilient industrial and broader market sentiment.,-0.010000000000000002,True
2019-07-01,2019-10-01,0,0.055,0.055,0.003025,0.003025,down,down,"Recent IPMAN rebounded by 0.38% in June, keeping the three-month contraction at a mild -0.27%, well above the -2.0% stress threshold. Low unemployment and positive equity returns further mitigate near-term manufacturing stress risks.","The 3-month IPMAN contraction of -0.27% is well above the -2% stress threshold. Recent monthly data shows stabilization, and favorable macro indicators like the positive yield spread and moderate credit spreads suggest low near-term stress risk.",Recent 1-month IPMAN growth of 0.38% and a mild 3-month contraction of -0.27% remain far from the -2.0% stress threshold.,Current 3-month IPMAN contraction of -0.27% is significantly above the -2% stress threshold.,The 6-month IPMAN decline of -1.96% indicates underlying medium-term softness in manufacturing.,None are material; macro indicators remain stable.,0.0,True
2019-08-01,2019-11-01,0,0.07,0.065,0.004900000000000001,0.0042250000000000005,up,neutral,"While the 3-month IPMAN contraction (-0.34%) remains above the -2.0% threshold, a sharp 1-month decline (-0.71%), a -1.80% 6-month drop, and a narrow yield spread (0.13) suggest rising manufacturing stress risks.","The 3-month IPMAN contraction of -0.34% remains well above the -2% stress threshold. While recent monthly data shows slight volatility, macroeconomic indicators like low unemployment and stable credit spreads suggest no immediate systemic manufacturing stress.",Recent 1-month IPMAN decline of -0.71% and 6-month decline of -1.80% indicate a downward trend.,3-month IPMAN contraction of -0.34% is significantly above the -2% stress threshold.,Current 3-month IPMAN change of -0.34% is well above the -2.0% stress threshold.,None are material.,0.0050000000000000044,False
2019-09-01,2019-12-01,0,0.05,0.056,0.0025000000000000005,0.0031360000000000003,down,neutral,"Recent positive 1-month and 3-month IPMAN growth rates (+0.66% and +0.32%) provide a buffer against the -2% stress threshold, though a flat yield curve warrants caution.","The 3-month IPMAN change is positive (+0.32%), well above the -2% stress threshold. Macro indicators remain stable, and the current trajectory does not suggest an imminent breach of the stress criteria within the three-month horizon.",Positive 1-month IPMAN growth of 0.66% and 3-month growth of 0.32%.,None are material,"The yield curve spread is narrow at 0.13%, signaling potential macroeconomic headwinds.",Positive 3-month IPMAN change of 0.32% is well above the -2% stress threshold.,-0.005999999999999998,False
2019-10-01,2020-01-01,0,0.07,0.065,0.004900000000000001,0.0042250000000000005,up,neutral,"IPMAN declined 0.81% in the latest month, and the yield curve is nearly flat (0.05), increasing stress risk. However, the 3-month contraction of -0.87% remains well above the -2.0% threshold, keeping overall probability low.","The 3-month IPMAN contraction of -0.87% remains well above the -2% stress threshold. Macro indicators like low unemployment and positive equity returns suggest stability, keeping the probability near the statistical anchor.",Latest 1-month IPMAN decline of -0.81% and a very flat yield curve spread of 0.05%,Trailing 3-month IPMAN contraction of -0.87% is significantly above the -2% stress threshold.,Current 3-month IPMAN contraction of -0.87% is still well above the -2.0% stress threshold,None are material.,0.0050000000000000044,False
2019-11-01,2020-02-01,0,0.075,0.075,0.005625,0.005625,up,up,"IPMAN's downward trend (-0.82% monthly, -0.98% over three months) and a flat yield curve (0.17%) increase stress risk, though strong employment and positive equity returns provide a buffer.","The 3-month IPMAN contraction of -0.98% is approaching the -2% threshold. While macro signals remain relatively stable, the downward trend in IPMAN increases the risk of hitting the stress threshold within the three-month horizon.",IPMAN 1-month decline of -0.82% and 3-month decline of -0.98% indicate worsening momentum.,3-month IPMAN contraction of -0.98% is trending toward the -2% threshold.,Low unemployment rate of 3.6% and positive SPY 3-month return of 2.45%.,"Macroeconomic indicators, including the yield spread and credit spread, remain stable.",0.0,True
2019-12-01,2020-03-01,1,0.05,0.05,0.9025,0.9025,down,down,"A strong 1-month IPMAN rebound (+0.83%) and stable macro indicators, including low unemployment (3.6%) and VIX (13.22), keep the 3-month contraction (-0.81%) well above the -2.0% stress threshold, reducing near-term risk.","The 3-month IPMAN contraction of -0.81% remains well above the -2% stress threshold. Recent monthly growth is positive, and stable macro indicators like the yield spread and low VIX suggest limited near-term risk of manufacturing stress.",Strong 1-month IPMAN rebound of +0.83% in November 2019,3-month IPMAN contraction of -0.81% is significantly above the -2% stress threshold.,Negative 3-month IPMAN change of -0.81% and flat 6-month trend (-0.50%),None are material; macro indicators remain stable.,0.0,True
2020-01-01,2020-04-01,1,0.05,0.045,0.9025,0.912025,down,down,"With trailing 3-month IPMAN growth at +0.05%, well above the -2% stress threshold, and supportive macro indicators (low VIX, positive yield spread), the near-term risk of manufacturing stress remains low.","The 3-month IPMAN change is positive (+5.43%), far from the -2% stress threshold. Strong equity returns and low volatility suggest a stable environment, justifying a downward adjustment from the statistical anchor.","Trailing 3-month IPMAN change of +0.05% is well above the -2.0% stress threshold; Macroeconomic indicators are stable, with VIX at 13.78 and a positive yield spread of 0.34%",Positive 3-month IPMAN growth of 5.43%.,"The 6-month IPMAN change is negative at -0.82%, indicating some longer-term softness",None are material.,0.0050000000000000044,True
2020-02-01,2020-05-01,1,0.048,0.052,0.9063039999999999,0.898704,down,neutral,"Positive three-month IPMAN growth of 0.53% and strong macroeconomic indicators, including low unemployment (3.6%) and robust equity returns, suggest low risk of manufacturing stress, justifying a slight downward adjustment from the anchor.","The 3-month IPMAN change is positive (+0.53%), indicating no immediate stress. Macro indicators like low unemployment and strong equity returns suggest a stable environment, keeping the probability near the statistical anchor.",Positive 3-month IPMAN growth of 0.53% and low unemployment rate of 3.6%,3-month IPMAN change is positive at 0.53%,Negative 1-month IPMAN change of -0.35% and negative 6-month IPMAN change of -0.46%,None are material,-0.003999999999999997,False
2020-03-01,2020-06-01,1,0.05,0.054,0.9025,0.8949159999999999,down,neutral,"With trailing three-month IPMAN contraction at just -0.08%, well above the -2.0% stress threshold, and a positive 0.23% one-month growth, near-term manufacturing stress risk remains low, supporting a slight downward adjustment from the anchor.","The 3-month IPMAN contraction of -0.076% is well above the -2% stress threshold. Recent monthly growth is positive, and macroeconomic indicators like low unemployment and stable credit spreads suggest no immediate systemic manufacturing stress.","Positive 1-month IPMAN growth of 0.23% and a 3-month contraction of only -0.08%, far from the -2.0% stress threshold.",3-month IPMAN contraction of -0.076% is significantly above the -2% stress threshold.,Negative 6-month IPMAN change of -0.89% and a low yield curve spread of 0.18%.,None are material.,-0.003999999999999997,False
2020-04-01,2020-07-01,0,0.45,0.65,0.2025,0.42250000000000004,up,up,"Severe manufacturing contraction (-4.64% over three months) and extreme macroeconomic stress from the COVID-19 shock (VIX at 53.54, ICSA at 5.9M) significantly elevate the probability of continued manufacturing stress.","The 3-month IPMAN contraction of -4.64% significantly exceeds the -2% stress threshold. High VIX (53.54), negative equity returns, and elevated credit spreads (3.93) indicate severe systemic stress, justifying a substantial upward adjustment from the anchor.",IPMAN 3-month decline of -4.64% already exceeds the -2% stress threshold; Extreme macro stress signals including VIX at 53.54 and weekly jobless claims (ICSA) at 5.95 million; XLI 3-month return of -27.01% and SPY 3-month return of -19.45%,3-month IPMAN contraction of -4.64% exceeds the -2% stress threshold; High VIX (53.54) and elevated credit spreads (3.93) signal significant market stress,FEDFUNDS lowered to 0.65% and a positive yield spread of 0.47% provide some policy support,None are material,-0.2,True
2020-05-01,2020-08-01,0,0.15,0.85,0.0225,0.7224999999999999,down,up,"With April 2020 IPMAN at an extreme lockdown trough of 79.86, a further 2% decline by July is highly unlikely as industries reopen, despite severe current macro stress signals.","The 3-month IPMAN contraction of -19.01% far exceeds the -2% stress threshold. Severe macroeconomic indicators, including high unemployment (14.8%) and negative industrial sector returns, confirm a high probability of continued manufacturing stress.","Extreme April IPMAN drop to 79.86 creates a very low base, making further 3-month declines highly unlikely.",3-month IPMAN contraction of -19.01% is significantly below the -2% stress threshold.,"Severe macroeconomic stress, including 14.8% unemployment, high VIX (34.15), and elevated credit spreads (3.23%).",None are material.,-0.7,False
2020-06-01,2020-09-01,0,0.12,0.85,0.0144,0.7224999999999999,neutral,up,"While IPMAN rebounded 4.46% in May, extreme macro stress (13.2% unemployment, 3.08% credit spread) keeps the three-month-ahead manufacturing stress risk elevated, justifying a slight upward adjustment from the anchor.","The 3-month IPMAN change is deeply negative (-15.6%), indicating severe ongoing contraction. Despite a recent 1-month rebound, the momentum remains heavily skewed toward sustained manufacturing stress over the next three months.",Severe macroeconomic distress indicated by a 13.2% unemployment rate and high credit spreads of 3.08%,"IPMAN 3-month change is -15.59%, far below the -2% stress threshold.","Strong 1-month IPMAN rebound of 4.46% in May, suggesting a potential bottoming out of the contraction","Recent 1-month IPMAN change shows a 4.46% increase, suggesting potential short-term stabilization.",-0.73,False
2020-07-01,2020-10-01,0,0.07,0.15,0.004900000000000001,0.0225,down,up,"Strong recent IPMAN rebound (+7.86% monthly) and surging equity returns suggest a rapid recovery, though high unemployment and elevated credit spreads warrant caution. We adjust the anchor slightly downward.","The 3-month IPMAN change is -4.65%, exceeding the -2% stress threshold. Despite recent 1-month growth, the significant 3-month contraction indicates ongoing manufacturing weakness, justifying an upward adjustment from the anchor.",High unemployment rate of 11.0% and elevated initial claims of 1.44 million indicate ongoing economic disruption.,3-month IPMAN change of -4.65% is below the -2% stress threshold.,Strong 1-month IPMAN growth of 7.86% and robust 3-month SPY return of 20.16% indicate a sharp manufacturing and economic recovery.,Recent 1-month IPMAN growth of 7.86% suggests a potential recovery trend.,-0.07999999999999999,False
2020-08-01,2020-11-01,0,0.04,0.055,0.0016,0.003025,down,down,"Strong recent IPMAN recovery (+16.8% over three months) and robust equity returns suggest low near-term stress risk, though elevated unemployment and VIX warrant caution. We adjust the anchor slightly downward.","The 3-month IPMAN change is strongly positive (+16.8%), far from the -2% stress threshold. While 6-month trends are negative, recent momentum and strong equity returns suggest low near-term stress risk.","Elevated unemployment (10.2%), high initial claims (1.26M), and high VIX (30.43) indicate ongoing macroeconomic fragility.","IPMAN 3-month change is +16.81%, well above the -2% stress threshold.",Strong 3-month IPMAN growth of 16.81% and robust 3-month SPY returns of 20.16% signal a rapid industrial recovery.,IPMAN 6-month change remains negative at -5.40%.,-0.015,True
2020-09-01,2020-12-01,0,0.05,0.055,0.0025000000000000005,0.003025,down,down,"Strong 3-month IPMAN growth of 13.43% and positive 1-month momentum indicate low risk of near-term manufacturing stress, justifying a downward adjustment from the anchor.","The 3-month IPMAN growth is strong at 13.43%, far above the -2% stress threshold. Recent monthly growth is positive, and macro indicators like SPY and XLI returns suggest a robust industrial outlook, reducing stress risk.",Strong 3-month IPMAN growth of 13.43% and positive 1-month growth of 1.43%,IPMAN 3-month change of 13.43% is well above the -2% stress threshold.,"Elevated unemployment rate of 8.4% and high initial jobless claims of 881,000",None are material.,-0.0049999999999999975,True
2020-10-01,2021-01-01,0,0.06,0.068,0.0036,0.0046240000000000005,down,neutral,"Strong three-month IPMAN growth of 5.14% and robust equity returns provide a significant buffer against the -2% stress threshold, justifying a downward adjustment from the anchor to 0.060 despite elevated unemployment and VIX.","The 3-month IPMAN change is positive (+5.14%), providing a significant buffer against the -2% stress threshold. Despite a slight 1-month decline, the overall trend remains robust, keeping the probability near the historical base rate.",Strong 3-month IPMAN growth of 5.14% and positive XLI 3-month return of 12.49%,None are material,Elevated unemployment rate of 7.8% and high VIX of 26.37,3-month IPMAN change of +5.14% is well above the -2% stress threshold.,-0.008000000000000007,False
2020-11-01,2021-02-01,1,0.05,0.06009904301259727,0.9025,0.8834138089458354,down,neutral,"Strong recent IPMAN growth (+2.45% over three months) and robust equity returns indicate continued recovery, keeping the risk of a 2% contraction low. High unemployment and elevated VIX remain minor countervailing risks.","The 3-month IPMAN change is positive (+2.45%), well above the -2% stress threshold. Recent growth and stable macroeconomic indicators, including a positive yield spread and moderate credit spreads, suggest low risk of imminent manufacturing stress.",Three-month IPMAN growth of 2.45% and six-month growth of 19.67% show strong recovery well above the -2% stress threshold.,None are material,Elevated unemployment rate of 6.9% and VIX at 26.37 indicate ongoing economic uncertainty.,Positive 3-month IPMAN growth of 2.45% is well above the -2% stress threshold.,-0.010099043012597266,False
2020-12-01,2021-03-01,0,0.055,0.06,0.003025,0.0036,down,down,"Strong recent IPMAN recovery (+1.55% over three months) and robust industrial stock returns (+13.57%) indicate low risk of near-term manufacturing stress, justifying a downward adjustment from the anchor.","The 3-month IPMAN change is positive (+1.55%), well above the -2% stress threshold. Recent growth and stable macroeconomic indicators suggest low risk of manufacturing stress in the near term.","Three-month IPMAN growth of 1.55% and six-month growth of 15.19% show strong recovery, well above the -2% stress threshold.; XLI 3-month return of 13.57% indicates strong industrial sector momentum.",None are material,"Elevated unemployment rate of 6.7% and high jobless claims (ICSA at 737,000) reflect lingering labor market weakness.",Positive 3-month IPMAN growth of 1.55% provides a significant buffer against the -2% stress threshold.,-0.0049999999999999975,True
2021-01-01,2021-04-01,0,0.058,0.06,0.0033640000000000002,0.0036,down,down,"Strong recent IPMAN growth (+2.38% over three months) and robust industrial equity returns (XLI +15.5%) provide a substantial buffer against the -2% stress threshold, justifying a downward adjustment from the anchor.",The 3-month IPMAN growth of 2.38% is well above the -2% stress threshold. Recent positive momentum and stable macroeconomic indicators suggest a low risk of manufacturing stress in the upcoming three-month horizon.,Three-month IPMAN growth of 2.38% is well above the -2% stress threshold; Strong industrial sector equity performance with XLI 3-month return of 15.51%,IPMAN 3-month growth of 2.38% is significantly above the -2% stress threshold.,"Elevated unemployment rate of 6.7% and high initial jobless claims of 773,000 indicate lingering labor market weakness",None are material.,-0.001999999999999995,True
2021-02-01,2021-05-01,0,0.06,0.06,0.0036,0.0036,down,down,"Strong positive IPMAN momentum (+2.33% over three months) and robust equity returns provide a substantial buffer against the -2% stress threshold, justifying a downward adjustment from the anchor to 0.060.","The 3-month IPMAN growth is positive (+2.33%), providing a significant buffer against the -2% stress threshold. Recent momentum is positive, and macroeconomic indicators do not signal imminent manufacturing contraction.","Elevated VIX of 33.09 and high initial jobless claims of 803,000 indicate lingering macroeconomic uncertainty.",IPMAN 3-month change is positive at 2.33%.,Strong positive 3-month IPMAN growth of 2.33% and robust XLI 3-month return of 12.19%.,None are material.,0.0,True
2021-03-01,2021-06-01,0,0.12,0.12,0.0144,0.0144,up,up,"Current IPMAN is in stress (-2.45% over three months) due to a sharp February drop, and elevated jobless claims suggest near-term risk, though strong equity returns and a steep yield curve indicate medium-term recovery.","The 3-month IPMAN contraction of -2.45% has breached the -2% stress threshold. While macro signals remain relatively stable, the immediate momentum indicates elevated risk of sustained manufacturing stress in the near term.","Current 3-month IPMAN decline of -2.45% meets the stress threshold, accompanied by high jobless claims of 704k and elevated VIX of 27.95.",Current 3-month trailing IPMAN change of -2.45% is below the -2% stress threshold.,"Strong 12-month SPY (30.78%) and XLI (26.51%) returns, a positive yield spread of 1.30%, and low federal funds rate of 0.08% suggest resilience.",Positive 3-month and 12-month SPY and XLI returns suggest broader market resilience.,0.0,True
2021-04-01,2021-07-01,0,0.06,0.06,0.0036,0.0036,down,down,"Strong 1-month IPMAN recovery (+3.13%) and positive macro indicators, including robust equity returns, keep the 3-month contraction risk well above the -2% stress threshold, justifying a downward adjustment from the anchor.","The 3-month IPMAN contraction of -0.18% is well above the -2% stress threshold. Recent 1-month growth of 3.13% indicates strong recovery, reducing the likelihood of hitting the stress threshold within the three-month horizon.",Strong 1-month IPMAN growth of 3.13% in March 2021 indicates robust recovery from the February dip.,Current 3-month IPMAN contraction of -0.18% is significantly above the -2% stress threshold.,Trailing 3-month IPMAN change remains slightly negative at -0.18%.,None are material.,0.0,True
2021-05-01,2021-08-01,0,0.06,0.065,0.0036,0.0042250000000000005,down,down,"With trailing three-month IPMAN contraction at -0.93%, well above the -2.0% stress threshold, and recent monthly growth of 0.22% indicating stabilization, the probability of manufacturing stress is adjusted slightly downward from the anchor.","The 3-month IPMAN contraction of -0.93% remains well above the -2% stress threshold. Recent monthly growth is positive, and strong equity returns suggest a resilient manufacturing environment, justifying a slight downward adjustment from the anchor.",Recent 1-month IPMAN growth of 0.22% and 6-month growth of 1.38% indicate stabilization and recovery from the February dip.,Current 3-month IPMAN contraction of -0.93% is significantly above the -2% stress threshold.,"The trailing 3-month IPMAN change remains negative at -0.93%, reflecting the lingering impact of the February production drop.",None are material.,-0.0050000000000000044,True
2021-06-01,2021-09-01,0,0.055,0.06,0.003025,0.0036,down,down,"Strong recent IPMAN growth (+4.50% over three months) and supportive macro indicators, including low credit spreads and robust equity returns, suggest very low risk of manufacturing stress, justifying a downward adjustment from the anchor.","The 3-month IPMAN growth is strong at 4.5%, well above the -2% stress threshold. Macro indicators like the yield spread and equity returns remain supportive, suggesting low risk of manufacturing stress in the near term.","Strong 3-month IPMAN growth of +4.50%, well above the -2.0% stress threshold.",3-month IPMAN growth of 4.5% is significantly above the stress threshold.,Elevated inflation (CPI YOY at 4.92%) and moderate unemployment (5.8%) present minor headwinds.,None are material.,-0.0049999999999999975,True
2021-07-01,2021-10-01,0,0.06,0.065,0.0036,0.0042250000000000005,down,neutral,"Strong positive three-month IPMAN growth of 1.34% and robust equity returns suggest low risk of near-term manufacturing stress, justifying a downward adjustment from the anchor probability.","The 3-month IPMAN growth is positive (1.34%), indicating no immediate stress. Macro indicators like the yield spread (1.2) and strong equity returns suggest a stable environment, keeping the probability near the statistical anchor.",Positive 3-month IPMAN growth of 1.34% and strong 12-month XLI return of 51.19%.,"IPMAN 3-month change is positive at 1.34%, well above the -2% stress threshold.","Elevated CPI inflation at 5.30% YoY and initial jobless claims at 368,000.",None are material.,-0.0050000000000000044,False
2021-08-01,2021-11-01,0,0.06,0.06,0.0036,0.0036,down,down,"Trailing 3-month IPMAN growth is strong at +2.02%, well above the -2% stress threshold. Supportive macro signals, including low credit spreads and positive equity returns, suggest a low probability of near-term manufacturing stress.","The 3-month IPMAN change is positive (+2.02%), significantly above the -2% stress threshold. Strong equity returns and a healthy yield spread suggest a stable manufacturing environment, justifying a downward adjustment from the anchor.",Strong trailing 3-month IPMAN growth of +2.02% provides a significant buffer above the -2% stress threshold.,3-month IPMAN change of +2.02% is well above the -2% stress threshold.,"Elevated CPI inflation at 5.25% could prompt monetary tightening, posing a potential medium-term risk.",None are material.,0.0,True
2021-09-01,2021-12-01,0,0.065,0.065,0.0042250000000000005,0.0042250000000000005,down,neutral,"With positive 3-month (+0.32%) and strong 6-month (+4.83%) IPMAN growth, and supportive macro signals like low credit spreads (1.94%) and low VIX (16.48), the risk of manufacturing stress remains low, justifying a slight downward adjustment.","The 3-month IPMAN change remains positive (+0.32%), providing a significant buffer against the -2% stress threshold. Macro indicators, including a healthy yield spread and strong 12-month equity returns, suggest continued stability.",Positive 3-month (+0.32%) and strong 6-month (+4.83%) IPMAN growth provide a significant buffer against the -2% stress threshold.,3-month IPMAN change is positive at 0.32%,A negative 1-month IPMAN change of -0.59% and slight contraction in XLI 3-month return (-0.27%) indicate minor near-term softening.,None are material,0.0,False
2021-10-01,2022-01-01,0,0.085,0.085,0.007225000000000001,0.007225000000000001,up,up,"IPMAN declined 1.22% in the latest month, bringing the 3-month change to -0.92%, closer to the -2% stress threshold. Negative XLI returns (-4.14%) support rising risk, though low interest rates and credit spreads provide some cushion.","The 3-month IPMAN contraction of -0.92% is approaching the -2% threshold. While macro signals remain stable, the recent downward momentum in IPMAN warrants a slight upward adjustment from the anchor probability.",Recent 1-month IPMAN decline of -1.22% and negative 3-month XLI return of -4.14%,IPMAN 3-month trailing change of -0.92% is trending toward the stress threshold.,Low FEDFUNDS rate of 0.08% and supportive yield curve spread of 1.24%,Yield spread of 1.24 and stable credit spreads suggest no immediate systemic manufacturing stress.,0.0,True
2021-11-01,2022-02-01,0,0.06,0.065,0.0036,0.0042250000000000005,down,down,"Strong one-month IPMAN growth of 1.41% and robust macroeconomic indicators, including low credit spreads and high equity returns, suggest low risk of manufacturing stress, justifying a downward adjustment from the anchor.","The 3-month IPMAN contraction of -0.42% is well above the -2% stress threshold. Recent 1-month growth of 1.41% suggests stabilization, keeping the probability of reaching the stress threshold low.",Strong 1-month IPMAN growth of 1.41% and a 3-month change of -0.42% well above the -2.0% stress threshold.,3-month IPMAN contraction of -0.42% is significantly above the -2% stress threshold.,Slightly negative 3-month IPMAN change of -0.42% and elevated CPI inflation of 6.24%.,None are material.,-0.0050000000000000044,True
2021-12-01,2022-03-01,0,0.07,0.075,0.004900000000000001,0.005625,down,neutral,"Positive IPMAN growth over one and three months keeps the index far from the stress threshold, though elevated VIX and negative short-term industrial stock returns suggest some market caution.","IPMAN shows positive 3-month growth (+0.76%), remaining well above the -2% stress threshold. Macro indicators like the yield spread are positive, suggesting low near-term risk of manufacturing stress.",Positive 1-month (0.59%) and 3-month (0.76%) IPMAN growth rates,None are material,Elevated VIX of 27.19 and negative 3-month XLI return of -3.27%,Positive 3-month IPMAN growth of 0.76% is well above the -2% stress threshold.,-0.0049999999999999906,False
2022-01-01,2022-04-01,0,0.065,0.07,0.0042250000000000005,0.004900000000000001,down,down,"Strong trailing three-month IPMAN growth of 1.89% provides a substantial buffer against the -2% stress threshold, though elevated VIX and negative XLI returns suggest some market caution.","The 3-month IPMAN growth remains positive at 1.89%, providing a significant buffer against the -2% stress threshold. While XLI returns are negative, broader macro indicators suggest stability, warranting a slight downward adjustment from the anchor.",Trailing 3-month IPMAN growth of 1.89% is well above the -2% stress threshold,3-month IPMAN growth of 1.89% is well above the -2% stress threshold.,Elevated VIX of 27.19 and negative 3-month XLI return of -3.27%,"XLI 3-month return is negative at -3.27%, indicating sector-specific weakness.",-0.0050000000000000044,True
2022-02-01,2022-05-01,0,0.085,0.075,0.007225000000000001,0.005625,up,neutral,"Recent sharp 1-month IPMAN decline of -0.95% and negative industrial equity returns (XLI -3.23%) elevate manufacturing stress risks, though the 3-month contraction (-0.49%) remains above the -2% threshold. We adjust the anchor slightly upward.","The 3-month IPMAN contraction of -0.49% remains well above the -2% stress threshold. While recent industrial and equity returns are negative, the overall macroeconomic environment does not currently signal an imminent manufacturing contraction.",IPMAN 1-month decline of -0.95%; Negative XLI 3-month return of -3.23%,XLI_RETURN_3M of -3.23% suggests sector-specific weakness.,IPMAN 3-month change of -0.49% is still well above the -2.0% stress threshold,3-month IPMAN contraction of -0.49% is significantly above the -2% stress threshold.,0.010000000000000009,False
2022-03-01,2022-06-01,0,0.075,0.085,0.005625,0.007225000000000001,down,up,"Recent one-month IPMAN growth of 0.58% and a three-month contraction of -0.50% remain well above the -2.0% stress threshold, though elevated VIX and negative stock returns warrant caution.","The 3-month IPMAN contraction is mild (-0.5%) and well above the -2% stress threshold. However, elevated VIX (30.15) and negative 3-month SPY returns suggest increased market volatility and potential downside risks to manufacturing.",One-month IPMAN growth of 0.58% and three-month change of -0.50% are well above the -2.0% stress threshold,Elevated VIX (30.15) and negative 3-month SPY returns (-3.8%) indicate heightened market risk.,Elevated VIX of 30.15 and negative three-month SPY return of -3.82% indicate market stress,Current 3-month IPMAN contraction of -0.5% remains significantly above the -2% stress threshold.,-0.010000000000000009,False
2022-04-01,2022-07-01,0,0.07,0.07,0.004900000000000001,0.004900000000000001,down,down,"Positive short-term IPMAN growth (+0.45% monthly) and a 3-month expansion of +0.07% keep manufacturing far from the -2% stress threshold, though high inflation and a flat yield curve present medium-term headwinds.","The 3-month IPMAN change is positive (+0.07%), remaining well above the -2% stress threshold. Despite negative equity returns, the labor market (UNRATE 3.7%) and credit conditions suggest no immediate manufacturing contraction.",Positive 1-month IPMAN growth of 0.45% and 3-month growth of 0.07% keep the index far from the stress threshold.,SPY_RETURN_3M of -4.61% and XLI_RETURN_3M of -2.35% indicate potential sector headwinds.,A flat yield curve of 0.04 and high CPI inflation of 8.57% signal macroeconomic headwinds.,"IPMAN 3-month change is positive (+0.07%), significantly above the -2% stress threshold.",0.0,True
2022-05-01,2022-08-01,0,0.07,0.075,0.004900000000000001,0.005625,down,neutral,"IPMAN 3-month growth of +0.99% remains well above the -2% stress threshold, indicating a solid buffer. However, macroeconomic headwinds like high inflation (8.23%) and a flat yield spread (0.04) warrant caution.","The 3-month IPMAN change remains positive (+0.98%), providing a significant buffer against the -2% stress threshold. While recent 1-month data shows a slight decline, macroeconomic indicators do not currently signal an imminent systemic manufacturing contraction.",Positive 3-month IPMAN growth of +0.99% provides a substantial buffer against the -2% stress threshold.,Recent 1-month IPMAN decline of 5.05%.,A flat yield spread of 0.04 and high CPI inflation of 8.23% signal rising macroeconomic headwinds.,"3-month IPMAN change remains positive at 0.98%, well above the -2% stress threshold.",-0.0049999999999999906,False
2022-06-01,2022-09-01,0,0.075,0.075,0.005625,0.005625,neutral,neutral,"With trailing three-month IPMAN contraction at just -0.04%, well above the -2% threshold, immediate stress risk is low. However, a negative one-month IPMAN change (-0.45%) and declining equity returns warrant a cautious, near-anchor probability of 7.5%.","The 3-month IPMAN contraction of -0.04% remains well above the -2% stress threshold. While negative equity returns and elevated volatility suggest caution, the manufacturing sector shows no immediate signs of reaching the defined stress level.",Negative one-month IPMAN change of -0.45% and negative three-month XLI return of -4.88% indicate emerging headwinds.,Negative 3-month and 12-month returns for SPY and XLI suggest broader market headwinds.,"Current trailing three-month IPMAN change of -0.04% is far above the -2.0% stress threshold, supported by a low unemployment rate of 3.6%.",Current 3-month IPMAN contraction of -0.04% is significantly above the -2% stress threshold.,0.0,True
2022-07-01,2022-10-01,0,0.12,0.11,0.0144,0.0121,up,up,"IPMAN's three-month decline of -1.04% and negative momentum, combined with high inflation, a flat yield curve, and falling equity markets, elevate the risk of manufacturing stress, justifying an upward adjustment from the anchor.","The 3-month IPMAN contraction of -1.04% is approaching the -2% threshold. Negative equity returns (SPY -16.1%) and elevated credit spreads (2.31) suggest rising macroeconomic headwinds, warranting a modest upward adjustment from the anchor.",Three-month IPMAN decline of -1.04% with consecutive monthly drops; Weak macro signals including a flat yield curve of 0.06% and negative SPY/XLI returns,SPY_RETURN_3M of -16.11% indicates significant market stress.; CREDIT_SPREAD of 2.31 suggests tightening financial conditions.,Current trailing three-month IPMAN change of -1.04% remains above the -2.0% stress threshold,Current 3-month IPMAN contraction of -1.04% remains above the -2% stress threshold.,0.009999999999999995,True
2022-08-01,2022-11-01,0,0.075,0.072,0.005625,0.005183999999999999,neutral,down,"The 3-month IPMAN contraction of -0.91% remains above the -2.0% stress threshold, supported by positive 1-month growth, though an inverted yield curve and high inflation present countervailing risks.","The 3-month IPMAN contraction of -0.91% remains well above the -2% stress threshold. While the inverted yield curve suggests future risk, current manufacturing data shows recent monthly stabilization, supporting a slight downward adjustment from the anchor.",Recent 1-month IPMAN growth of 0.08% and a 3-month contraction of -0.91% that remains well above the -2.0% stress threshold.,3-month IPMAN contraction of -0.91% is significantly above the -2% stress threshold.,Inverted yield curve (YC_SPREAD of -0.22) and high inflation (CPI_YOY of 8.46%) signal macroeconomic headwinds.,Inverted yield curve (-0.22) and negative 12-month equity returns indicate potential macroeconomic headwinds.,0.0030000000000000027,False
2022-09-01,2022-12-01,1,0.095,0.085,0.819025,0.8372250000000001,up,up,"Elevated inflation and an inverted yield curve signal rising macroeconomic headwinds, though current IPMAN contraction remains well above the stress threshold.","The 3-month IPMAN contraction is currently -0.48%, well above the -2% threshold. However, the inverted yield curve and negative equity returns suggest rising macroeconomic headwinds, warranting a slight upward adjustment from the anchor.",Inverted yield curve (YC_SPREAD of -0.30) and negative 12-month equity returns signal macroeconomic headwinds.,Inverted yield curve (YC_SPREAD: -0.30); Negative 3-month and 12-month SPY returns,Current 3-month IPMAN contraction of -0.49% is well above the -2.0% stress threshold.,3-month IPMAN contraction (-0.48%) remains significantly above the -2% stress threshold,0.009999999999999995,True
2022-10-01,2023-01-01,0,0.085,0.0775,0.007225000000000001,0.00600625,up,neutral,"While current IPMAN remains stable and above the stress threshold, the inverted yield curve and negative equity returns signal rising macroeconomic headwinds, justifying a slight upward adjustment from the anchor.","The 3-month IPMAN change is positive (+5.65%), providing a significant buffer against the -2% stress threshold. Despite negative equity returns, the current IPMAN trend does not indicate imminent manufacturing stress.",Inverted yield curve (YC_SPREAD of -0.30) and negative 12-month equity returns (SPY_RETURN_12M of -11.24%),SPY_RETURN_3M of -3.89% and XLI_RETURN_3M of -1.44% suggest potential headwinds.,"Current 3-month IPMAN change is positive at 0.056%, well above the -2.0% stress threshold.","IPMAN 3-month change is +5.65%, well above the -2% stress threshold.",0.007500000000000007,False
2022-11-01,2023-02-01,0,0.07,0.085,0.004900000000000001,0.007225000000000001,neutral,up,"Recent IPMAN growth of 0.22% over three months provides a buffer against the -2% stress threshold. However, macroeconomic headwinds, including an inverted yield curve (-0.41%) and high inflation, keep overall stress risks elevated near the anchor.","The 3-month IPMAN trend is positive (+0.22%), providing a buffer against the -2% stress threshold. However, the inverted yield curve (-0.41) and negative equity returns suggest rising macroeconomic headwinds, warranting a slight upward adjustment from the anchor.",Positive three-month IPMAN growth of 0.22% and low unemployment rate of 3.6%,Inverted yield curve (YC_SPREAD: -0.41); Negative 12-month SPY return (-14.63%),Inverted yield curve of -0.41% and elevated inflation at 7.76%,Positive 3-month IPMAN growth (+0.22%); Low unemployment rate (3.6%),-0.015,False
2022-12-01,2023-03-01,0,0.085,0.085,0.007225000000000001,0.007225000000000001,up,up,"Recent sharp monthly IPMAN decline of -0.80% and inverted yield curve increase stress risk, though the current three-month contraction remains well above the -2.0% threshold.","The 3-month IPMAN contraction of -0.56% remains well above the -2% stress threshold. However, the inverted yield curve (-0.70) and negative 12-month SPY returns suggest rising macroeconomic headwinds, warranting a slight upward adjustment from the anchor.","IPMAN declined by -0.80% in the latest month, and the yield curve is inverted at -0.70%.",Inverted yield curve (YC_SPREAD: -0.70),The current trailing 3-month IPMAN change of -0.56% is still far from the -2.0% stress threshold.,3-month IPMAN contraction (-0.56%) is significantly above the -2% stress threshold,0.0,True
2023-01-01,2023-04-01,0,0.095,0.15,0.009025,0.0225,up,up,"Deeply inverted yield curve and high inflation suggest ongoing macro headwinds, though the low December IPMAN base makes a further 2% decline over the next three months less certain.","The 3-month IPMAN change is -2.28%, already exceeding the -2% stress threshold. Despite some positive equity returns, the inverted yield curve and negative industrial momentum suggest elevated risk of continued manufacturing contraction.",Deeply inverted yield curve (YC_SPREAD of -0.70) and high inflation (CPI_YOY of 6.40%) indicate significant macroeconomic headwinds.,3-month IPMAN change of -2.28% has breached the -2% stress threshold.,"The sharp 1-month IPMAN decline of -1.75% in December lowers the base, making an additional 2% drop by March less likely.",Positive 3-month XLI and SPY returns suggest some resilience in industrial and broader equity markets.,-0.05499999999999999,True
2023-02-01,2023-05-01,0,0.068,0.07,0.0046240000000000005,0.004900000000000001,down,down,"Strong 1.75% monthly IPMAN rebound in January reduces immediate stress risk, leaving the 3-month change at -0.82%, well above the -2% threshold, despite an inverted yield curve.","The 3-month IPMAN contraction of -0.82% remains well above the -2% stress threshold. Recent 1-month growth of 1.75% suggests stabilization, reducing the likelihood of hitting the stress threshold within the three-month horizon.","Strong 1.75% monthly IPMAN rebound in January 2023, keeping the 3-month change at -0.82%, well above the -2% stress threshold.",3-month IPMAN contraction of -0.82% is significantly above the -2% stress threshold.,Inverted yield curve (YC_SPREAD of -0.69) and elevated FEDFUNDS rate of 4.33% signal ongoing macroeconomic headwinds.,Recent 1-month IPMAN growth of 1.75% indicates a potential recovery trend.,-0.0020000000000000018,True
2023-03-01,2023-06-01,0,0.07,0.07,0.004900000000000001,0.004900000000000001,down,down,"Recent IPMAN growth (+0.03% over three months) indicates stabilization, offsetting risks from an inverted yield curve (-0.89%) and negative equity returns.","The 3-month IPMAN change is positive (+2.73%), well above the -2% stress threshold. Despite an inverted yield curve and negative equity returns, the recent manufacturing momentum suggests a low probability of hitting the stress threshold soon.",Inverted yield curve with YC_SPREAD at -0.89% and negative SPY 12-month return of -7.77%,Inverted yield curve (YC_SPREAD -0.89) and negative 3-month SPY returns (-2.35%) suggest macroeconomic headwinds.,Positive 3-month IPMAN growth of 0.03% and 1-month growth of 0.05% indicating near-term stabilization,Current 3-month IPMAN change (+2.73%) is significantly above the -2% stress threshold.,0.0,True
2023-04-01,2023-07-01,0,0.09,0.076,0.0081,0.005776,up,neutral,"Deep yield curve inversion (-0.89%) and high interest rates (4.65%) elevate future stress risks, despite a positive 3-month IPMAN growth buffer (+1.15%).","The 3-month IPMAN change is positive (+1.15%), providing a significant buffer against the -2% stress threshold. Despite inverted yield curves and negative equity returns, manufacturing data does not currently signal imminent stress.",Deeply inverted yield curve (YC_SPREAD of -0.89%) and high federal funds rate (4.65%),3-month IPMAN change is positive at 1.15%,Positive 3-month IPMAN growth of 1.15% provides a buffer from the stress threshold,Inverted yield curve (YC_SPREAD -0.89) and negative 12-month SPY returns,0.013999999999999999,False
2023-05-01,2023-08-01,0,0.065,0.065,0.0042250000000000005,0.0042250000000000005,down,neutral,"Recent IPMAN growth (+0.95% monthly, +0.35% quarterly) indicates stabilization, well above the -2% stress threshold. Despite an inverted yield curve, low unemployment and stable credit spreads support a slight downward adjustment from the anchor.","The 3-month IPMAN change is positive (+0.35%), well above the -2% stress threshold. While the inverted yield curve suggests long-term risk, current manufacturing data shows stability, keeping the probability near the statistical anchor.",Recent 1-month IPMAN growth of +0.95% and 3-month growth of +0.35% show stabilization above the stress threshold.,3-month IPMAN change is positive at 0.35%,The yield curve remains inverted at -0.60% and XLI 3-month return is negative at -1.41%.,Inverted yield curve (YC_SPREAD -0.60),0.0,False
2023-06-01,2023-09-01,0,0.07,0.065,0.004900000000000001,0.0042250000000000005,neutral,down,"Starting from the 7.3% anchor, we adjust to 0.070. Positive three-month IPMAN growth of 0.12% provides a buffer, though the inverted yield curve (-0.76%) and negative XLI returns (-3.69%) signal some underlying risk.","The 3-month IPMAN change is positive (+0.12%), remaining well above the -2% stress threshold. While the yield curve is inverted, current manufacturing data shows stability, justifying a slight downward adjustment from the anchor.",Inverted yield curve (YC_SPREAD of -0.76%) and negative 3-month XLI return (-3.69%),3-month IPMAN change is positive at 0.116%,Positive 3-month IPMAN growth of 0.12% and low unemployment rate of 3.6%,Inverted yield curve (YC_SPREAD: -0.76),0.0050000000000000044,False
2023-07-01,2023-10-01,0,0.075,0.065,0.005625,0.0042250000000000005,neutral,neutral,"The 3-month IPMAN change remains positive at 0.068%, well above the -2% stress threshold. However, a negative 1-month IPMAN change of -0.69% and an inverted yield curve suggest some emerging risks, keeping the outlook neutral.","The 3-month IPMAN change remains positive (0.069%), providing a significant buffer against the -2% stress threshold. Despite a negative 1-month change, the overall trend does not suggest imminent manufacturing stress.",Inverted yield curve of -0.76% and negative 1-month IPMAN change of -0.69% indicate emerging risks.,Negative 1-month IPMAN change of -0.69%,Current 3-month IPMAN change of 0.068% is well above the -2.0% stress threshold.,Positive 3-month IPMAN change of 0.069% and 6-month change of 1.22%,0.009999999999999995,True
2023-08-01,2023-11-01,0,0.06,0.06,0.0036,0.0036,down,down,Recent monthly IPMAN growth of 0.40% and a 3-month contraction of -0.48% remain well above the -2.0% stress threshold. Strong equity returns and low credit spreads support a downward adjustment to 0.060.,The current 3-month IPMAN contraction of -0.48% is well above the -2% stress threshold. Recent monthly growth and stable macro indicators suggest low risk of reaching the stress threshold within the three-month horizon.,Recent 1-month IPMAN growth of 0.40% and strong 3-month XLI return of 10.86%,Current 3-month IPMAN contraction of -0.48% is significantly above the -2% stress threshold.,Inverted yield curve of -0.91% and high federal funds rate of 5.12%,None are material; recent 1-month IPMAN growth of 0.40% indicates stabilization.,0.0,True
2023-09-01,2023-12-01,0,0.06,0.06,0.0036,0.0036,down,down,"IPMAN's 3-month decline of -0.34% is well above the -2% stress threshold. Strong equity returns and low credit spreads suggest low risk, justifying a downward adjustment from the anchor.","The current 3-month IPMAN contraction of -0.34% is well above the -2% stress threshold. Recent monthly data shows stabilization, and macroeconomic indicators do not signal an imminent systemic shock to the manufacturing sector.",IPMAN 3-month change of -0.34% is far above the -2.0% stress threshold,None are material,Inverted yield spread of -0.76% and high Fed Funds rate of 5.33% present macroeconomic headwinds,Current 3-month trailing IPMAN contraction of -0.34% is significantly above the -2% stress threshold.,0.0,True
2023-10-01,2024-01-01,0,0.06,0.06,0.0036,0.0036,down,down,"Positive three-month IPMAN growth of 0.39% provides a substantial buffer above the -2% stress threshold, while strong equity returns suggest low near-term risk, justifying a downward adjustment from the anchor.","The current 3-month IPMAN change is positive (+0.39%), significantly above the -2% stress threshold. Recent growth and stable macro indicators suggest low risk of hitting the stress threshold within the three-month horizon.",Positive 3-month IPMAN growth of 0.39% is well above the -2.0% stress threshold.,Current 3-month IPMAN change is positive at 0.39%.,Inverted yield curve of -0.76% and high federal funds rate of 5.33%.,None are material.,0.0,True
2023-11-01,2024-02-01,0,0.07,0.07,0.004900000000000001,0.004900000000000001,neutral,neutral,"While negative equity and industrial sector returns suggest rising risks, the current three-month IPMAN contraction of -0.54% remains well above the -2.0% stress threshold, warranting a minor downward adjustment from the anchor.","The current 3-month IPMAN contraction of -0.54% remains well above the -2% stress threshold. Despite negative equity returns, the lack of rapid deterioration in manufacturing output supports a stable, low-probability outlook.",Negative three-month XLI return of -10.56% and SPY return of -8.33% indicate market concern.,3-month IPMAN contraction of -0.54% is significantly above the -2% stress threshold.,Current three-month IPMAN contraction of -0.54% is well above the -2.0% stress threshold.,Negative 3-month returns in SPY and XLI suggest potential headwinds for the manufacturing sector.,0.0,True
2023-12-01,2024-03-01,0,0.06,0.065,0.0036,0.0042250000000000005,down,neutral,"Recent 1-month IPMAN growth of 0.48% and a flat 3-month trend (-0.02%) keep manufacturing well above the -2.0% stress threshold, justifying a downward adjustment from the anchor.","The 3-month IPMAN contraction of -1.76% is approaching the -2% threshold, but recent 1-month growth (+0.48%) and stable macro indicators like low unemployment and moderate credit spreads suggest stress is not imminent.",Recent 1-month IPMAN growth of 0.48% and flat 3-month trend of -0.02% indicate near-term stabilization.,3-month IPMAN contraction of -1.76% is nearing the -2% stress threshold.,Inverted yield curve of -0.36 and high FEDFUNDS rate of 5.33% present ongoing macroeconomic headwinds.,Recent 1-month IPMAN growth of 0.48% and low unemployment rate (3.7%) indicate resilience.,-0.0050000000000000044,False
2024-01-01,2024-04-01,0,0.06,0.06,0.0036,0.0036,down,down,"With trailing three-month IPMAN contraction at just -0.06%, well above the -2.0% stress threshold, and strong equity returns (XLI up 13.1%), the risk of manufacturing stress remains low. We adjust the anchor slightly downward to 0.060.","The 3-month IPMAN contraction of -6.08% significantly exceeds the -2% stress threshold. However, recent monthly stabilization and strong equity market returns suggest a lower risk of sustained decline, justifying a slight downward adjustment from the anchor.",Trailing 3-month IPMAN change of -0.06% is far above the -2.0% stress threshold; Strong industrial sector equity performance with XLI 3-month return of 13.05%,3-month IPMAN contraction of -6.08% is well below the -2% stress threshold.,Inverted yield curve with YC_SPREAD at -0.35 and elevated FEDFUNDS rate of 5.33%,Strong 3-month SPY and XLI returns suggest resilient industrial and market sentiment.,0.0,True
2024-02-01,2024-05-01,0,0.08,0.06,0.0064,0.0036,up,down,"IPMAN declined sharply by 1.54% in January, bringing the 3-month change to -1.07%. Coupled with an inverted yield curve, this elevates stress risks, though strong equity returns provide a countervailing buffer.","The current 3-month IPMAN contraction of -1.07% remains well above the -2% stress threshold. Strong equity market returns and low unemployment suggest resilience, justifying a slight downward adjustment from the statistical anchor.",Sharp 1-month IPMAN decline of -1.54% in January 2024 and an inverted yield curve of -0.28%.,Current 3-month IPMAN contraction of -1.07% is significantly above the -2% stress threshold.,Strong equity market performance with SPY 3-month return at 15.93% and XLI 3-month return at 15.40%.,Strong 3-month SPY and XLI returns indicate positive market sentiment and potential manufacturing resilience.,0.020000000000000004,False
2024-03-01,2024-06-01,0,0.058,0.06,0.0033640000000000002,0.0036,down,down,"Recent 1-month IPMAN rebound of 1.26% and a 3-month change of -0.30% leave a substantial buffer above the -2.0% stress threshold, while strong equity returns and low credit spreads suggest low near-term risk.","The 3-month IPMAN contraction of -0.3% is well above the -2% stress threshold. Recent monthly growth and strong equity market returns suggest manufacturing stability, justifying a slight downward adjustment from the statistical anchor.",Inverted yield curve (YC_SPREAD at -0.39%) and high federal funds rate (5.33%) continue to pose restrictive monetary headwinds.,IPMAN 3-month trailing change of -0.3% is significantly above the -2% stress threshold.,"Strong 1-month IPMAN rebound of 1.26% and 3-month change of -0.30% are well above the -2.0% stress threshold, supported by robust XLI returns.",None are material.,-0.001999999999999995,True
2024-04-01,2024-07-01,0,0.06,0.06,0.0036,0.0036,down,down,"IPMAN's three-month contraction of -0.16% is far from the -2.0% stress threshold, with recent monthly growth of 0.14% showing stabilization. Strong equity returns (XLI up 10.8%) offset the inverted yield curve risk.","The current 3-month IPMAN contraction of -0.16% is well above the -2% stress threshold. Recent monthly growth and strong equity market returns suggest manufacturing stability, justifying a slight downward adjustment from the statistical anchor.",Recent 1-month IPMAN growth of 0.14% and 3-month contraction of -0.16% are well above the -2.0% stress threshold.,Current 3-month IPMAN contraction of -0.16% is significantly above the -2% stress threshold.,"The yield curve remains inverted at -0.39%, signaling potential macroeconomic headwinds.",Positive 1-month IPMAN growth and strong 3-month equity market returns (SPY/XLI) indicate resilience.,0.0,True
2024-05-01,2024-08-01,0,0.06,0.06,0.0036,0.0036,down,down,"Positive three-month IPMAN growth of 0.85% and strong industrial stock returns keep stress risk low, offsetting the inverted yield curve. We adjust the anchor downward to 0.060.","The 3-month IPMAN change is positive (+0.85%), providing a significant buffer against the -2% stress threshold. Macro indicators, including stable credit spreads and positive equity returns, suggest low near-term risk of manufacturing stress.",Positive 3-month IPMAN growth of 0.85% and strong XLI 3-month return of 7.98% indicate near-term resilience.,Positive 3-month IPMAN change of 0.85%,Inverted yield curve (YC_SPREAD of -0.35%) and high FEDFUNDS rate of 5.33% present ongoing macroeconomic headwinds.,None are material,0.0,True
2024-06-01,2024-09-01,0,0.06,0.06,0.0036,0.0036,down,down,"With recent 1-month and 3-month IPMAN growth positive (0.56% and 0.15% respectively), the index remains well above the -2% stress threshold. Strong equity returns and stable credit spreads support a downward adjustment to 0.060.","The 3-month IPMAN change is positive (+0.15%), well above the -2% stress threshold. Recent monthly data shows stability, and macroeconomic indicators like positive XLI returns and stable credit spreads suggest low near-term stress risk.","Positive 1-month and 3-month IPMAN growth of 0.56% and 0.15% respectively, keeping the index far from the -2% stress threshold.",3-month IPMAN change is positive at 0.15%,Inverted yield curve (YC_SPREAD of -0.35) and elevated FEDFUNDS rate of 5.33% present potential macroeconomic headwinds.,None are material,0.0,True
2024-07-01,2024-10-01,0,0.06,0.06,0.0036,0.0036,down,down,"With trailing three-month IPMAN contraction at -0.17%, well above the -2.0% stress threshold, and low credit spreads, near-term stress risk remains low, though an inverted yield curve warrants caution.","The current 3-month IPMAN contraction of -0.17% is far from the -2% stress threshold. Recent monthly data shows relative stability, and macroeconomic indicators do not signal an imminent systemic manufacturing downturn.",Inverted yield curve (YC_SPREAD of -0.35%) and negative 3-month XLI return (-2.91%) indicate potential industrial headwinds.,3-month IPMAN contraction of -0.17% is well above the -2% stress threshold.,"Current 3-month IPMAN contraction of -0.17% is far from the -2.0% stress threshold, and credit spreads remain low at 1.55%.",None are material.,0.0,True
2024-08-01,2024-11-01,0,0.068,0.064,0.0046240000000000005,0.004096,neutral,neutral,"Recent 1-month IPMAN decline of -0.78% and inverted yield curve suggest rising risk, but strong equity returns and a 3-month IPMAN change of -0.41% keep the probability near the anchor of 0.064.","The 3-month IPMAN contraction of -0.41% remains well above the -2% stress threshold. Despite slight recent volatility, macroeconomic indicators like positive equity returns and stable unemployment suggest no immediate systemic manufacturing stress.",Recent 1-month IPMAN decline of -0.78% and inverted yield curve of -0.20%,3-month IPMAN contraction of -0.41% is significantly above the -2% stress threshold.,Strong 3-month SPY return of 10.08% and XLI return of 5.58%,None are material; current macro signals and IPMAN trends do not indicate imminent stress.,0.0040000000000000036,True
2024-09-01,2024-12-01,0,0.058,0.06,0.0033640000000000002,0.0036,down,down,"With 1-month IPMAN rebounding by 0.48% and the 3-month contraction (-0.49%) remaining far from the -2.0% stress threshold, near-term risk is low. We adjust the anchor downward to 0.058.",The 3-month IPMAN contraction of -0.49% remains well above the -2% stress threshold. Recent monthly growth and stable macro indicators suggest low risk of reaching the stress threshold within the three-month horizon.,Recent 1-month IPMAN growth of 0.48% indicates a rebound and stabilization.,3-month trailing IPMAN contraction of -0.49% is significantly above the -2% stress threshold.,"The yield curve remains inverted at -0.20%, and the 3-month IPMAN change is still slightly negative at -0.49%.",None are material.,-0.001999999999999995,True
2024-10-01,2025-01-01,0,0.058,0.0622,0.0033640000000000002,0.0038688399999999997,down,neutral,"With trailing three-month IPMAN contraction at -0.87%, well above the -2.0% stress threshold, and strong equity returns (XLI up 11.5%), the risk of manufacturing stress remains low, justifying a slight downward adjustment from the anchor.","The current 3-month IPMAN contraction of -0.87% remains significantly above the -2% stress threshold. Macroeconomic indicators, including positive equity returns and stable credit spreads, suggest no immediate systemic manufacturing stress.",Trailing three-month IPMAN contraction of -0.87% remains well above the -2.0% stress threshold.,Trailing 3-month IPMAN contraction of -0.87% is well above the -2% stress threshold.,"Recent one-month IPMAN declined by -0.56%, indicating some short-term softening.",Positive 3-month and 12-month SPY and XLI returns indicate resilient market sentiment.,-0.004199999999999995,False
2024-11-01,2025-02-01,0,0.062,0.06,0.0038439999999999998,0.0036,neutral,down,"IPMAN's 3-month contraction of -0.75% remains well above the -2.0% stress threshold. Despite recent monthly declines, stable macro indicators and strong equity returns support keeping the stress probability near the anchor of 6.4%.","The current 3-month IPMAN contraction of -0.75% remains well above the -2% stress threshold. Recent macro indicators, including positive XLI returns and stable credit spreads, suggest limited near-term risk of manufacturing stress.","Recent consecutive monthly declines in IPMAN, including a 1-month drop of -0.67%.",Current 3-month IPMAN contraction of -0.75% is significantly above the -2% stress threshold.,"The 3-month IPMAN change of -0.75% is well above the -2.0% stress threshold, and XLI 3-month return is positive at 5.01%.",None are material.,0.0020000000000000018,False
2024-12-01,2025-03-01,0,0.06,0.063,0.0036,0.003969,down,neutral,"Recent 1-month IPMAN growth of 0.29% and strong equity returns suggest stabilization, keeping the 3-month contraction (-0.93%) well above the -2.0% stress threshold. We adjust the anchor slightly downward to 0.060.","The current 3-month IPMAN contraction of -0.93% remains well above the -2% stress threshold. Recent monthly growth suggests stabilization, and macroeconomic indicators do not signal an imminent systemic shock to manufacturing.",Negative trailing 3-month and 6-month IPMAN growth rates of -0.93% and -1.42%.,Current 3-month IPMAN contraction of -0.93% is significantly above the -2% stress threshold.,Positive 1-month IPMAN growth of 0.29% and strong 3-month XLI return of 5.01%.,None are material; current macro signals and recent IPMAN stabilization suggest low near-term stress risk.,-0.0030000000000000027,False
