,year,stress_months,observed_months,stress_rate
0,2000,0.0,12,0.0
1,2001,0.0,12,0.0
2,2002,0.0,12,0.0
3,2003,0.0,12,0.0
4,2004,0.0,12,0.0
5,2005,0.0,12,0.0
6,2006,0.0,12,0.0
7,2007,0.0,12,0.0
8,2008,8.0,12,0.6666666666666666
9,2009,6.0,12,0.5
10,2010,0.0,12,0.0
11,2011,0.0,12,0.0
12,2012,0.0,12,0.0
13,2013,0.0,12,0.0
14,2014,0.0,12,0.0
15,2015,0.0,12,0.0
16,2016,0.0,12,0.0
17,2017,0.0,12,0.0
18,2018,0.0,12,0.0
19,2019,0.0,12,0.0
20,2020,4.0,12,0.3333333333333333
21,2021,1.0,12,0.08333333333333333
22,2022,1.0,12,0.08333333333333333
23,2023,0.0,12,0.0
24,2024,0.0,12,0.0
25,2025,0.0,12,0.0
26,2026,0.0,8,0.0
