,series_id,origin,latest_visible_reference_month,latest_visible_release_date,snapshot_value
0,ipman_change_1m_pct,2026-10-01,2026-08-01,2026-09-01,-0.30061813850166264
1,ipman_change_3m_pct,2026-10-01,2026-08-01,2026-09-01,0.1180041139790422
2,ipman_change_6m_pct,2026-10-01,2026-08-01,2026-09-01,1.3950252217777015
3,FEDFUNDS,2026-10-01,2026-08-01,2026-08-03,3.63
4,YC_SPREAD,2026-10-01,2026-09-01,2026-09-22,0.20000000000000018
5,CPIAUCSL,2026-10-01,2026-08-01,2026-08-03,334.131
6,CPI_YOY,2026-10-01,2026-08-01,2026-08-03,3.7129581058388483
7,UNRATE,2026-10-01,2026-08-01,2026-08-03,4.1
8,ICSA,2026-10-01,2026-09-01,2026-09-14,196000.0
9,VIXCLS,2026-10-01,2026-09-01,2026-09-23,14.21
10,CREDIT_SPREAD,2026-10-01,2026-09-01,2026-10-01,1.47
11,SPY_RETURN_3M,2026-10-01,2026-09-01,2026-10-01,2.37740595421152
12,SPY_RETURN_12M,2026-10-01,2026-09-01,2026-10-01,15.713135389757271
13,XLI_RETURN_3M,2026-10-01,2026-09-01,2026-10-01,-9.610335438366956
14,XLI_RETURN_12M,2026-10-01,2026-09-01,2026-10-01,9.504512938016262
