,series_id,outcome,lag_months,overlapping_months,pearson_correlation,spearman_correlation
0,ipman_change_1m_pct,target,-18,302,0.05918288049011979,0.10095968072053678
1,ipman_change_1m_pct,ipman_change_3m,-18,302,-0.10617549857837463,-0.19896108332093468
2,ipman_change_1m_pct,target,-17,303,0.07929506262843117,0.14603788405196746
3,ipman_change_1m_pct,ipman_change_3m,-17,303,-0.0723193741883081,-0.185917058070394
4,ipman_change_1m_pct,target,-16,304,0.06558084562106507,0.10447761947118442
5,ipman_change_1m_pct,ipman_change_3m,-16,304,-0.04061453983044364,-0.12725292373931094
6,ipman_change_1m_pct,target,-15,305,0.07508144801771686,0.12411081819523666
7,ipman_change_1m_pct,ipman_change_3m,-15,305,-0.02333643574296575,-0.06525402223011724
8,ipman_change_1m_pct,target,-14,306,0.10450580370530942,0.17722508919643998
9,ipman_change_1m_pct,ipman_change_3m,-14,306,-0.05672541787701753,-0.027595890174300083
10,ipman_change_1m_pct,target,-13,307,0.09681495006028663,0.17976530479170336
11,ipman_change_1m_pct,ipman_change_3m,-13,307,-0.06804505951751716,-0.09369611036597049
12,ipman_change_1m_pct,target,-12,308,0.13137121494972656,0.1843534775020024
13,ipman_change_1m_pct,ipman_change_3m,-12,308,-0.05357771297361804,-0.0834070897320004
14,ipman_change_1m_pct,target,-11,309,0.05844103248313492,0.12327550096486012
15,ipman_change_1m_pct,ipman_change_3m,-11,309,-0.05452662766907028,-0.06347489028353419
16,ipman_change_1m_pct,target,-10,310,0.05315984802241153,0.09082550913438142
17,ipman_change_1m_pct,ipman_change_3m,-10,310,0.03290749277216477,0.014517488517385801
18,ipman_change_1m_pct,target,-9,311,0.01266751444450551,0.07782124882479673
19,ipman_change_1m_pct,ipman_change_3m,-9,311,0.04588947989502998,0.031773355780201545
20,ipman_change_1m_pct,target,-8,312,-0.02092813360640002,0.04939815781061854
21,ipman_change_1m_pct,ipman_change_3m,-8,312,0.037082351975375835,0.07594833179107344
22,ipman_change_1m_pct,target,-7,313,-0.014986691342219353,0.03946956509201561
23,ipman_change_1m_pct,ipman_change_3m,-7,313,-0.03829589856744754,0.00012914173187671897
24,ipman_change_1m_pct,target,-6,314,-0.056043963273787335,-0.04186658170054719
25,ipman_change_1m_pct,ipman_change_3m,-6,314,0.011623133056746693,0.13926282097869977
26,ipman_change_1m_pct,target,-5,315,-0.08468022895858757,-0.016035196066461296
27,ipman_change_1m_pct,ipman_change_3m,-5,315,0.07691330659244816,0.15692017676215048
28,ipman_change_1m_pct,target,-4,316,-0.04430609425219205,-0.03405201081135354
29,ipman_change_1m_pct,ipman_change_3m,-4,316,0.07239045816320686,0.2409360661566867
30,ipman_change_1m_pct,target,-3,317,-0.015018174766125776,-0.06933446333415151
31,ipman_change_1m_pct,ipman_change_3m,-3,317,-0.0002052367171411223,0.2062335801289706
32,ipman_change_1m_pct,target,-2,318,0.0072270151067657645,-0.07887771632896462
33,ipman_change_1m_pct,ipman_change_3m,-2,318,-0.09155659129930706,0.221755907573049
34,ipman_change_1m_pct,target,-1,319,-0.13542502785713567,-0.12231216031579063
35,ipman_change_1m_pct,ipman_change_3m,-1,319,-0.020203590931094015,0.17819727036138877
36,ipman_change_1m_pct,target,0,320,-0.35323010152665596,-0.29753824808308965
37,ipman_change_1m_pct,ipman_change_3m,0,320,0.5337656389885242,0.6034563325813729
38,ipman_change_1m_pct,target,1,319,-0.36545506581868115,-0.26807567628340334
39,ipman_change_1m_pct,ipman_change_3m,1,319,0.7131292224820325,0.551374061039806
40,ipman_change_1m_pct,target,2,318,-0.4077108301221437,-0.2858788073031884
41,ipman_change_1m_pct,ipman_change_3m,2,318,0.5887702833188263,0.6354146706075676
42,ipman_change_1m_pct,target,3,317,-0.24958107218721243,-0.26145756725598235
43,ipman_change_1m_pct,ipman_change_3m,3,317,-0.020792139205753814,0.19759071001650746
44,ipman_change_1m_pct,target,4,316,-0.1775253208476956,-0.2000377538876166
45,ipman_change_1m_pct,ipman_change_3m,4,316,-0.10677120032440761,0.21753098955510808
46,ipman_change_1m_pct,target,5,315,-0.1956633477847994,-0.2419596549314249
47,ipman_change_1m_pct,ipman_change_3m,5,315,-0.006035709868271211,0.23321700203099865
48,ipman_change_1m_pct,target,6,314,-0.1640204518688889,-0.2339349204298616
49,ipman_change_1m_pct,ipman_change_3m,6,314,0.07096389418826457,0.21078102757759257
50,ipman_change_1m_pct,target,7,313,-0.08970463706567465,-0.17060105058087335
51,ipman_change_1m_pct,ipman_change_3m,7,313,0.07423916682748323,0.12907324762496614
52,ipman_change_1m_pct,target,8,312,-0.04057646853689964,-0.19613974424804423
53,ipman_change_1m_pct,ipman_change_3m,8,312,0.014042980060317385,0.11685285734267171
54,ipman_change_1m_pct,target,9,311,-0.045694974824687214,-0.11957899209663887
55,ipman_change_1m_pct,ipman_change_3m,9,311,-0.03727728132053798,-0.012745645600121277
56,ipman_change_1m_pct,target,10,310,-0.19829230912331935,-0.1231059808784265
57,ipman_change_1m_pct,ipman_change_3m,10,310,0.02330997574913015,0.050852598580294714
58,ipman_change_1m_pct,target,11,309,-0.1090563079486996,-0.1782776084527702
59,ipman_change_1m_pct,ipman_change_3m,11,309,0.05187176743486684,0.0517784439174981
60,ipman_change_1m_pct,target,12,308,-0.02757488397297325,-0.08150676256117469
61,ipman_change_1m_pct,ipman_change_3m,12,308,0.03639322580799435,0.028182816203435414
62,ipman_change_1m_pct,target,13,307,-0.02672925603258959,-0.08519118006698784
63,ipman_change_1m_pct,ipman_change_3m,13,307,-0.05483933437831835,-0.03666713946461025
64,ipman_change_1m_pct,target,14,306,-0.016458932987728162,-0.061519857820723674
65,ipman_change_1m_pct,ipman_change_3m,14,306,-0.053034899076378976,-0.06266070693776522
66,ipman_change_1m_pct,target,15,305,-0.01286872795156551,-0.04347639570717987
67,ipman_change_1m_pct,ipman_change_3m,15,305,-0.06681345218113942,-0.08803650882268352
68,ipman_change_1m_pct,target,16,304,0.00267066004369056,-0.02086528435169819
69,ipman_change_1m_pct,ipman_change_3m,16,304,-0.057450245567915365,-0.03125005339187931
70,ipman_change_1m_pct,target,17,303,0.009715298546907586,0.005622686482750047
71,ipman_change_1m_pct,ipman_change_3m,17,303,-0.02701802556090927,-0.0555032629439312
72,ipman_change_1m_pct,target,18,302,0.03708591264087289,0.05498560523357525
73,ipman_change_1m_pct,ipman_change_3m,18,302,-0.03955565414680773,-0.08479875291658888
74,ipman_change_3m_pct,target,-18,302,0.11048371462208606,0.18099428389385186
75,ipman_change_3m_pct,ipman_change_3m,-18,302,-0.11841781093708767,-0.2123119860774883
76,ipman_change_3m_pct,target,-17,303,0.11924979949763269,0.18083775444520422
77,ipman_change_3m_pct,ipman_change_3m,-17,303,-0.07361529844853018,-0.12644597938357796
78,ipman_change_3m_pct,target,-16,304,0.13287879398159316,0.2221094399467003
79,ipman_change_3m_pct,ipman_change_3m,-16,304,-0.06554685040331688,-0.0382208971544264
80,ipman_change_3m_pct,target,-15,305,0.14987897019361468,0.24190326746417037
81,ipman_change_3m_pct,ipman_change_3m,-15,305,-0.08020562375511962,-0.041813852374426905
82,ipman_change_3m_pct,target,-14,306,0.1808632851702359,0.2885895033536624
83,ipman_change_3m_pct,ipman_change_3m,-14,306,-0.09655877009773732,-0.06240229845342313
84,ipman_change_3m_pct,target,-13,307,0.1551915583690549,0.23978636347526297
85,ipman_change_3m_pct,ipman_change_3m,-13,307,-0.095741520697078,-0.08512934341637159
86,ipman_change_3m_pct,target,-12,308,0.13063729188345152,0.17531363656339938
87,ipman_change_3m_pct,ipman_change_3m,-12,308,-0.04017078354782889,-0.025459408243001424
88,ipman_change_3m_pct,target,-11,309,0.0664296185333576,0.09717530518641486
89,ipman_change_3m_pct,ipman_change_3m,-11,309,0.014853606960589395,0.04425183335299214
90,ipman_change_3m_pct,target,-10,310,0.023573686713575397,0.07527219093043241
91,ipman_change_3m_pct,ipman_change_3m,-10,310,0.0631481927084055,0.09488179025057829
92,ipman_change_3m_pct,target,-9,311,-0.011440613091637127,0.07577716348981145
93,ipman_change_3m_pct,ipman_change_3m,-9,311,0.022714505217828224,0.05873872004978737
94,ipman_change_3m_pct,target,-8,312,-0.0482012980710645,0.02586138850085324
95,ipman_change_3m_pct,ipman_change_3m,-8,312,0.002894279917118236,0.09542940545683425
96,ipman_change_3m_pct,target,-7,313,-0.08067776771528838,0.024144385972038853
97,ipman_change_3m_pct,ipman_change_3m,-7,313,0.024591457072833087,0.11294501066788973
98,ipman_change_3m_pct,target,-6,314,-0.09605140496375783,0.010502613278831426
99,ipman_change_3m_pct,ipman_change_3m,-6,314,0.08481639087172592,0.23357995118032562
100,ipman_change_3m_pct,target,-5,315,-0.0705715119975733,-0.005583684344571344
101,ipman_change_3m_pct,ipman_change_3m,-5,315,0.07652413113233311,0.26457884613169624
102,ipman_change_3m_pct,target,-4,316,-0.01648725379624249,-0.04103338541284443
103,ipman_change_3m_pct,ipman_change_3m,-4,316,-0.020012667599283888,0.2960158051960152
104,ipman_change_3m_pct,target,-3,317,-0.07399632033427879,-0.10790087238709467
105,ipman_change_3m_pct,ipman_change_3m,-3,317,-0.07153683262412565,0.2678170904534766
106,ipman_change_3m_pct,target,-2,318,-0.25930596911713,-0.25060254776429547
107,ipman_change_3m_pct,ipman_change_3m,-2,318,0.23517987234247167,0.5041297549276343
108,ipman_change_3m_pct,target,-1,319,-0.4598670735338276,-0.33857017051822186
109,ipman_change_3m_pct,ipman_change_3m,-1,319,0.6773615956651775,0.7039099929023481
110,ipman_change_3m_pct,target,0,320,-0.6106928517129159,-0.41926479297758057
111,ipman_change_3m_pct,ipman_change_3m,0,320,1.0,1.0
112,ipman_change_3m_pct,target,1,319,-0.5456594995428767,-0.3550001622024325
113,ipman_change_3m_pct,ipman_change_3m,1,319,0.6773615956651774,0.7039099929023481
114,ipman_change_3m_pct,target,2,318,-0.44339714964146426,-0.3104310839422579
115,ipman_change_3m_pct,ipman_change_3m,2,318,0.23517987234247165,0.5041297549276343
116,ipman_change_3m_pct,target,3,317,-0.3324992597981366,-0.27762142987376004
117,ipman_change_3m_pct,ipman_change_3m,3,317,-0.07153683262412572,0.2678170904534766
118,ipman_change_3m_pct,target,4,316,-0.2866148330599355,-0.2678568214449567
119,ipman_change_3m_pct,ipman_change_3m,4,316,-0.020012667599283853,0.2960158051960152
120,ipman_change_3m_pct,target,5,315,-0.23968717171907417,-0.2534133664074687
121,ipman_change_3m_pct,ipman_change_3m,5,315,0.07652413113233313,0.26457884613169624
122,ipman_change_3m_pct,target,6,314,-0.15513649451227673,-0.25940016084565837
123,ipman_change_3m_pct,ipman_change_3m,6,314,0.08481639087172595,0.23357995118032562
124,ipman_change_3m_pct,target,7,313,-0.08982169225852882,-0.20891399838081523
125,ipman_change_3m_pct,ipman_change_3m,7,313,0.024591457072833087,0.11294501066788973
126,ipman_change_3m_pct,target,8,312,-0.16231013920147325,-0.21139505768955877
127,ipman_change_3m_pct,ipman_change_3m,8,312,0.0028942799171182516,0.09542940545683425
128,ipman_change_3m_pct,target,9,311,-0.1920195463673413,-0.1959401799678747
129,ipman_change_3m_pct,ipman_change_3m,9,311,0.02271450521782823,0.05873872004978737
130,ipman_change_3m_pct,target,10,310,-0.1783071942074919,-0.17622202983908253
131,ipman_change_3m_pct,ipman_change_3m,10,310,0.06314819270840549,0.09488179025057829
132,ipman_change_3m_pct,target,11,309,-0.08903568000873986,-0.16589107486299956
133,ipman_change_3m_pct,ipman_change_3m,11,309,0.0148536069605894,0.04425183335299214
134,ipman_change_3m_pct,target,12,308,-0.03888714084240454,-0.09291770931973914
135,ipman_change_3m_pct,ipman_change_3m,12,308,-0.040170783547828874,-0.025459408243001424
136,ipman_change_3m_pct,target,13,307,-0.031172171855845737,-0.07178697341309115
137,ipman_change_3m_pct,ipman_change_3m,13,307,-0.095741520697078,-0.08512934341637159
138,ipman_change_3m_pct,target,14,306,-0.015323410693617328,-0.051191706507755466
139,ipman_change_3m_pct,ipman_change_3m,14,306,-0.09655877009773732,-0.06240229845342313
140,ipman_change_3m_pct,target,15,305,-0.0012553935937314972,-0.030237908433021297
141,ipman_change_3m_pct,ipman_change_3m,15,305,-0.08020562375511962,-0.041813852374426905
142,ipman_change_3m_pct,target,16,304,0.025706534794488298,0.027669181422904122
143,ipman_change_3m_pct,ipman_change_3m,16,304,-0.06554685040331687,-0.0382208971544264
144,ipman_change_3m_pct,target,17,303,0.045667625365994585,0.06671241529533165
145,ipman_change_3m_pct,ipman_change_3m,17,303,-0.07361529844853017,-0.12644597938357796
146,ipman_change_3m_pct,target,18,302,0.06257490641299647,0.12295392281396689
147,ipman_change_3m_pct,ipman_change_3m,18,302,-0.11841781093708767,-0.2123119860774883
148,ipman_change_6m_pct,target,-18,302,0.19385094864815672,0.2653055452520006
149,ipman_change_6m_pct,ipman_change_3m,-18,302,-0.14485614064510494,-0.12188798251016054
150,ipman_change_6m_pct,target,-17,303,0.2229025216609499,0.29693863208901605
151,ipman_change_6m_pct,ipman_change_3m,-17,303,-0.1229727805225103,-0.0701524317646125
152,ipman_change_6m_pct,target,-16,304,0.21379102316341153,0.2680735446055137
153,ipman_change_6m_pct,ipman_change_3m,-16,304,-0.11542592205814893,-0.02614835254017205
154,ipman_change_6m_pct,target,-15,305,0.2081402595449292,0.2622123104415727
155,ipman_change_6m_pct,ipman_change_3m,-15,305,-0.08635351704650583,0.01313928504965403
156,ipman_change_6m_pct,target,-14,306,0.18318534507956322,0.25131834861555974
157,ipman_change_6m_pct,ipman_change_3m,-14,306,-0.05937250518102831,0.034575432137932335
158,ipman_change_6m_pct,target,-13,307,0.13316348459326763,0.20568010432257028
159,ipman_change_6m_pct,ipman_change_3m,-13,307,-0.0235426815227999,0.038573676435335755
160,ipman_change_6m_pct,target,-12,308,0.08963680920482567,0.17071961903722407
161,ipman_change_6m_pct,ipman_change_3m,-12,308,-0.012704091597357383,0.04421523260269663
162,ipman_change_6m_pct,target,-11,309,0.01652928911864147,0.08655827639518288
163,ipman_change_6m_pct,ipman_change_3m,-11,309,0.013266859867094888,0.09998861145118583
164,ipman_change_6m_pct,target,-10,310,-0.037007188297207,0.06353383756896147
165,ipman_change_6m_pct,ipman_change_3m,-10,310,0.06536016294842828,0.1616689643643702
166,ipman_change_6m_pct,target,-9,311,-0.07208540751565641,0.04978807851642717
167,ipman_change_6m_pct,ipman_change_3m,-9,311,0.07871196352828919,0.21529485450759178
168,ipman_change_6m_pct,target,-8,312,-0.07839513986174197,0.009734342862680713
169,ipman_change_6m_pct,ipman_change_3m,-8,312,0.05524689715967696,0.2535969162177518
170,ipman_change_6m_pct,target,-7,313,-0.05965336225425383,-0.006795126590933091
171,ipman_change_6m_pct,ipman_change_3m,-7,313,-0.003702729228354072,0.26599283380789657
172,ipman_change_6m_pct,target,-6,314,-0.1132634235041623,-0.036831082183299245
173,ipman_change_6m_pct,ipman_change_3m,-6,314,0.0009446750627286577,0.31238874337305383
174,ipman_change_6m_pct,target,-5,315,-0.23902055993776175,-0.149900448942723
175,ipman_change_6m_pct,ipman_change_3m,-5,315,0.22809974140075934,0.48559718654856926
176,ipman_change_6m_pct,target,-4,316,-0.360063614950499,-0.24050123116972708
177,ipman_change_6m_pct,ipman_change_3m,-4,316,0.502309635440965,0.6318336271137454
178,ipman_change_6m_pct,target,-3,317,-0.5135012523930301,-0.32058327525259006
179,ipman_change_6m_pct,ipman_change_3m,-3,317,0.7177938712671801,0.7816826756092728
180,ipman_change_6m_pct,target,-2,318,-0.5992052110654159,-0.3732228259214873
181,ipman_change_6m_pct,ipman_change_3m,-2,318,0.6869446894211289,0.754641041481521
182,ipman_change_6m_pct,target,-1,319,-0.662552655340611,-0.3733961357975744
183,ipman_change_6m_pct,ipman_change_3m,-1,319,0.6534590323816716,0.7331086975808837
184,ipman_change_6m_pct,target,0,320,-0.6791366554514978,-0.40878317315314106
185,ipman_change_6m_pct,ipman_change_3m,0,320,0.6420449843162942,0.7571865936190784
186,ipman_change_6m_pct,target,1,319,-0.5989500156648734,-0.3579491350688293
187,ipman_change_6m_pct,ipman_change_3m,1,319,0.4583116104155629,0.5983401845389483
188,ipman_change_6m_pct,target,2,318,-0.4908898936272062,-0.33173794470374923
189,ipman_change_6m_pct,ipman_change_3m,2,318,0.21925007843006158,0.45723077014933616
190,ipman_change_6m_pct,target,3,317,-0.3482972104878991,-0.31150882606366226
191,ipman_change_6m_pct,ipman_change_3m,3,317,0.004024121869552827,0.27218241228859946
192,ipman_change_6m_pct,target,4,316,-0.26753077086287863,-0.27911250702695223
193,ipman_change_6m_pct,ipman_change_3m,4,316,-0.002224226563612857,0.22029689885777415
194,ipman_change_6m_pct,target,5,315,-0.29042538157204,-0.2751754182119519
195,ipman_change_6m_pct,ipman_change_3m,5,315,0.05244369489177343,0.18432368512994168
196,ipman_change_6m_pct,target,6,314,-0.25944233905576,-0.28889380087525346
197,ipman_change_6m_pct,ipman_change_3m,6,314,0.07805591908557909,0.16677200010465512
198,ipman_change_6m_pct,target,7,313,-0.20747419135235196,-0.24925102644188613
199,ipman_change_6m_pct,ipman_change_3m,7,313,0.06887284697619521,0.13525522319604655
200,ipman_change_6m_pct,target,8,312,-0.18246610141207173,-0.21822362656337957
201,ipman_change_6m_pct,ipman_change_3m,8,312,0.01490451745615227,0.09213929491196475
202,ipman_change_6m_pct,target,9,311,-0.1687500634956366,-0.17462329004588534
203,ipman_change_6m_pct,ipman_change_3m,9,311,-0.01502675018614717,0.0232093702376868
204,ipman_change_6m_pct,target,10,310,-0.15397548784528148,-0.16228273522233577
205,ipman_change_6m_pct,ipman_change_3m,10,310,-0.03099437861826973,0.006307003966675495
206,ipman_change_6m_pct,target,11,309,-0.07680859010323504,-0.13654678695390007
207,ipman_change_6m_pct,ipman_change_3m,11,309,-0.06379665034104713,-0.005184230113763468
208,ipman_change_6m_pct,target,12,308,-0.030109711411193438,-0.07543080389752349
209,ipman_change_6m_pct,ipman_change_3m,12,308,-0.09099727493288538,-0.024729989974605893
210,ipman_change_6m_pct,target,13,307,-0.004806935912270026,-0.03365945226422946
211,ipman_change_6m_pct,ipman_change_3m,13,307,-0.11757597162463261,-0.06020832970440175
212,ipman_change_6m_pct,target,14,306,0.021255398803571225,0.005089233980303175
213,ipman_change_6m_pct,ipman_change_3m,14,306,-0.12279282064961772,-0.09990545264936754
214,ipman_change_6m_pct,target,15,305,0.04391457562284895,0.046786017525719516
215,ipman_change_6m_pct,ipman_change_3m,15,305,-0.1462917233782365,-0.1431300647955472
216,ipman_change_6m_pct,target,16,304,0.07677464868280318,0.10493121260926482
217,ipman_change_6m_pct,ipman_change_3m,16,304,-0.14789687746548089,-0.16366533115779222
218,ipman_change_6m_pct,target,17,303,0.0717952815166572,0.10911051066525768
219,ipman_change_6m_pct,ipman_change_3m,17,303,-0.1393799124085798,-0.18862093598694132
220,ipman_change_6m_pct,target,18,302,0.0864390586647634,0.14571185386897442
221,ipman_change_6m_pct,ipman_change_3m,18,302,-0.13520482038868611,-0.1844813400395726
222,FEDFUNDS,target,-18,302,-0.18924679538442712,-0.18548925141453437
223,FEDFUNDS,ipman_change_3m,-18,302,0.09488464257710935,0.053279979254944126
224,FEDFUNDS,target,-17,303,-0.19465853056757462,-0.19108625930305667
225,FEDFUNDS,ipman_change_3m,-17,303,0.09539346155423921,0.05848104483742031
226,FEDFUNDS,target,-16,304,-0.19889991903365356,-0.1946589198310771
227,FEDFUNDS,ipman_change_3m,-16,304,0.0950398490264229,0.0594942606224264
228,FEDFUNDS,target,-15,305,-0.20287158697093047,-0.20173050376186435
229,FEDFUNDS,ipman_change_3m,-15,305,0.09384662224417595,0.06173958061818971
230,FEDFUNDS,target,-14,306,-0.20644188654338685,-0.20610917473558535
231,FEDFUNDS,ipman_change_3m,-14,306,0.09173972734593847,0.05875470683768491
232,FEDFUNDS,target,-13,307,-0.20830496861802444,-0.21520993718126005
233,FEDFUNDS,ipman_change_3m,-13,307,0.09069538093409588,0.05520840657839815
234,FEDFUNDS,target,-12,308,-0.209586190685573,-0.2357813103356705
235,FEDFUNDS,ipman_change_3m,-12,308,0.08847250957748315,0.05508327474038852
236,FEDFUNDS,target,-11,309,-0.20945079053674348,-0.2335779888225929
237,FEDFUNDS,ipman_change_3m,-11,309,0.08431176710312774,0.04891145239150594
238,FEDFUNDS,target,-10,310,-0.20935927921381647,-0.23102760991548385
239,FEDFUNDS,ipman_change_3m,-10,310,0.07944876661424559,0.044257347369109246
240,FEDFUNDS,target,-9,311,-0.20990125423213013,-0.23229791040034806
241,FEDFUNDS,ipman_change_3m,-9,311,0.07592540993344153,0.03450188809639354
242,FEDFUNDS,target,-8,312,-0.2093638124632588,-0.2242523778536045
243,FEDFUNDS,ipman_change_3m,-8,312,0.07221062673858891,0.024157482360460465
244,FEDFUNDS,target,-7,313,-0.20912733283556975,-0.21917630341744074
245,FEDFUNDS,ipman_change_3m,-7,313,0.06777503294755091,0.007880344282122895
246,FEDFUNDS,target,-6,314,-0.2052405413084753,-0.21040620140940175
247,FEDFUNDS,ipman_change_3m,-6,314,0.06184475955365888,-0.012705058341106691
248,FEDFUNDS,target,-5,315,-0.19807843325989652,-0.1916230359219035
249,FEDFUNDS,ipman_change_3m,-5,315,0.054884857871798726,-0.0316563938704301
250,FEDFUNDS,target,-4,316,-0.193208693004043,-0.18606119575740349
251,FEDFUNDS,ipman_change_3m,-4,316,0.048612198410409806,-0.04566871300638184
252,FEDFUNDS,target,-3,317,-0.1839223840582778,-0.17438199304781343
253,FEDFUNDS,ipman_change_3m,-3,317,0.041716571986700555,-0.05691595149043101
254,FEDFUNDS,target,-2,318,-0.1732311367859472,-0.163943155535041
255,FEDFUNDS,ipman_change_3m,-2,318,0.03429246800052686,-0.06357943782950204
256,FEDFUNDS,target,-1,319,-0.16389435205643335,-0.15760669443788627
257,FEDFUNDS,ipman_change_3m,-1,319,0.023602367211266056,-0.06944289398014239
258,FEDFUNDS,target,0,320,-0.14865338306468084,-0.1293816443839416
259,FEDFUNDS,ipman_change_3m,0,320,0.007447241773084335,-0.0917218832843526
260,FEDFUNDS,target,1,319,-0.12711915017565967,-0.0924288301253998
261,FEDFUNDS,ipman_change_3m,1,319,-0.020493203874820055,-0.1281441534234984
262,FEDFUNDS,target,2,318,-0.1056638303256039,-0.054835869492494964
263,FEDFUNDS,ipman_change_3m,2,318,-0.05603848480606117,-0.16716791229422912
264,FEDFUNDS,target,3,317,-0.07691045333323995,-0.009502710471049352
265,FEDFUNDS,ipman_change_3m,3,317,-0.08482991431513173,-0.19458585721365307
266,FEDFUNDS,target,4,316,-0.05213647773395753,0.014750911865785591
267,FEDFUNDS,ipman_change_3m,4,316,-0.09948861105291075,-0.19883415062480406
268,FEDFUNDS,target,5,315,-0.028586334649244465,0.03394214478748696
269,FEDFUNDS,ipman_change_3m,5,315,-0.10052528786486091,-0.19573877424775168
270,FEDFUNDS,target,6,314,0.00029802089704732056,0.06281951963975277
271,FEDFUNDS,ipman_change_3m,6,314,-0.10790558735905356,-0.19508970328684014
272,FEDFUNDS,target,7,313,0.03086268990237176,0.0884368506272092
273,FEDFUNDS,ipman_change_3m,7,313,-0.12085000205709072,-0.19153832067250076
274,FEDFUNDS,target,8,312,0.06285615325466759,0.11183529723413987
275,FEDFUNDS,ipman_change_3m,8,312,-0.1346966651158416,-0.18371799962774576
276,FEDFUNDS,target,9,311,0.09335645405838697,0.1343688469040508
277,FEDFUNDS,ipman_change_3m,9,311,-0.14491992115676167,-0.16684236395047253
278,FEDFUNDS,target,10,310,0.11646607493752792,0.13562204755666768
279,FEDFUNDS,ipman_change_3m,10,310,-0.14880410425826907,-0.14189135759153806
280,FEDFUNDS,target,11,309,0.1444513562428188,0.16985445794181708
281,FEDFUNDS,ipman_change_3m,11,309,-0.15351940056911903,-0.13161671281523052
282,FEDFUNDS,target,12,308,0.1728359713315395,0.18952896371732286
283,FEDFUNDS,ipman_change_3m,12,308,-0.1562972952939962,-0.11888014282773653
284,FEDFUNDS,target,13,307,0.19538234958883205,0.2036623782279537
285,FEDFUNDS,ipman_change_3m,13,307,-0.15838819641970595,-0.11112333287652164
286,FEDFUNDS,target,14,306,0.21823920254803564,0.21718761941720635
287,FEDFUNDS,ipman_change_3m,14,306,-0.15856321247800592,-0.08867268602030667
288,FEDFUNDS,target,15,305,0.23820598607329732,0.22701015762138302
289,FEDFUNDS,ipman_change_3m,15,305,-0.15413744828823875,-0.05332960464076972
290,FEDFUNDS,target,16,304,0.25762327480598013,0.2407115241250536
291,FEDFUNDS,ipman_change_3m,16,304,-0.14995373201105372,-0.022000741698740018
292,FEDFUNDS,target,17,303,0.2743202129345629,0.25204185149827957
293,FEDFUNDS,ipman_change_3m,17,303,-0.14332202507926728,-0.00010615469063424317
294,FEDFUNDS,target,18,302,0.28208710329330994,0.2506512681121704
295,FEDFUNDS,ipman_change_3m,18,302,-0.13468815783390578,0.01246351125248853
296,YC_SPREAD,target,-18,303,0.23145782071188717,0.22870847100786637
297,YC_SPREAD,ipman_change_3m,-18,303,-0.13869138580466106,-0.08729806349829511
298,YC_SPREAD,target,-17,304,0.23219702764611136,0.22823482394497166
299,YC_SPREAD,ipman_change_3m,-17,304,-0.13490412712708785,-0.08513042088491243
300,YC_SPREAD,target,-16,305,0.2414094140122185,0.2371664969571646
301,YC_SPREAD,ipman_change_3m,-16,305,-0.13182705743636283,-0.07953720700353083
302,YC_SPREAD,target,-15,306,0.24672461976925503,0.24368653884228125
303,YC_SPREAD,ipman_change_3m,-15,306,-0.12437467793729941,-0.07648075689040533
304,YC_SPREAD,target,-14,307,0.25281547968755813,0.2491713749435567
305,YC_SPREAD,ipman_change_3m,-14,307,-0.11962554646898974,-0.06609956709825023
306,YC_SPREAD,target,-13,308,0.2652858943772993,0.2609720047827179
307,YC_SPREAD,ipman_change_3m,-13,308,-0.11927210073052975,-0.05073873209510102
308,YC_SPREAD,target,-12,309,0.2731183306284093,0.26977797440853074
309,YC_SPREAD,ipman_change_3m,-12,309,-0.12242749468818935,-0.03820462523411482
310,YC_SPREAD,target,-11,310,0.27556666487050946,0.2743128826707059
311,YC_SPREAD,ipman_change_3m,-11,310,-0.11742128542607615,-0.030288165868408008
312,YC_SPREAD,target,-10,311,0.2721462412294896,0.2690184039618856
313,YC_SPREAD,ipman_change_3m,-10,311,-0.09658869014931357,-0.021287462628700918
314,YC_SPREAD,target,-9,312,0.24855477616207403,0.24735598991711782
315,YC_SPREAD,ipman_change_3m,-9,312,-0.0656177321555703,-0.004109411374020507
316,YC_SPREAD,target,-8,313,0.21724328830548972,0.2222891473813695
317,YC_SPREAD,ipman_change_3m,-8,313,-0.036935712630117176,0.01285792232631955
318,YC_SPREAD,target,-7,314,0.20435255909074412,0.21293136520554087
319,YC_SPREAD,ipman_change_3m,-7,314,-0.02196949927411626,0.029237962314878376
320,YC_SPREAD,target,-6,315,0.18392588784641883,0.19729171404827955
321,YC_SPREAD,ipman_change_3m,-6,315,-0.016776290957823483,0.05004934040653876
322,YC_SPREAD,target,-5,316,0.16608790973217188,0.17667293148976534
323,YC_SPREAD,ipman_change_3m,-5,316,-0.017041648488456133,0.06125836377840638
324,YC_SPREAD,target,-4,317,0.16127941848615832,0.16936742667294255
325,YC_SPREAD,ipman_change_3m,-4,317,-0.01453977578022979,0.0688741577177945
326,YC_SPREAD,target,-3,318,0.15326246685164693,0.16015548831517754
327,YC_SPREAD,ipman_change_3m,-3,318,-0.005904103019763581,0.07652314549991868
328,YC_SPREAD,target,-2,319,0.13601575939291244,0.14562423264013624
329,YC_SPREAD,ipman_change_3m,-2,319,0.003341891282843491,0.09315001901789159
330,YC_SPREAD,target,-1,320,0.12631972302366687,0.13227910792436218
331,YC_SPREAD,ipman_change_3m,-1,320,0.009877976273222917,0.10858787278543669
332,YC_SPREAD,target,0,320,0.11241000961783403,0.1161372727110922
333,YC_SPREAD,ipman_change_3m,0,320,0.01891517024431767,0.1251132413001479
334,YC_SPREAD,target,1,319,0.09354939496806207,0.09787860068583605
335,YC_SPREAD,ipman_change_3m,1,319,0.03596690267639532,0.1531539566126264
336,YC_SPREAD,target,2,318,0.07644625090760888,0.07859614417298667
337,YC_SPREAD,ipman_change_3m,2,318,0.06074978914774766,0.19458508580445058
338,YC_SPREAD,target,3,317,0.062427326044175765,0.06579029567172434
339,YC_SPREAD,ipman_change_3m,3,317,0.07826005342652512,0.22355938820572527
340,YC_SPREAD,target,4,316,0.052813073415378047,0.054569149699491774
341,YC_SPREAD,ipman_change_3m,4,316,0.08797766546326613,0.2400770338550379
342,YC_SPREAD,target,5,315,0.04187329550974458,0.04237908228226924
343,YC_SPREAD,ipman_change_3m,5,315,0.09426529670463694,0.24849012817935986
344,YC_SPREAD,target,6,314,0.025783519901216467,0.026328685768041832
345,YC_SPREAD,ipman_change_3m,6,314,0.0966291170578711,0.25300195504042744
346,YC_SPREAD,target,7,313,0.015947213774146023,0.015397595746820921
347,YC_SPREAD,ipman_change_3m,7,313,0.11013654153728686,0.2728229824979627
348,YC_SPREAD,target,8,312,-0.007677960279599666,-0.009879714514165139
349,YC_SPREAD,ipman_change_3m,8,312,0.11777078838266818,0.2857153299617966
350,YC_SPREAD,target,9,311,-0.036072007092600875,-0.0375238846134498
351,YC_SPREAD,ipman_change_3m,9,311,0.1224057898474964,0.2966380775956325
352,YC_SPREAD,target,10,310,-0.05112853272564064,-0.050108524828615796
353,YC_SPREAD,ipman_change_3m,10,310,0.11571427869279247,0.29155646771583554
354,YC_SPREAD,target,11,309,-0.06435178211787063,-0.06163828323027502
355,YC_SPREAD,ipman_change_3m,11,309,0.11547016898954227,0.27884207963841334
356,YC_SPREAD,target,12,308,-0.08200852047984733,-0.08009961755746453
357,YC_SPREAD,ipman_change_3m,12,308,0.1202266413794092,0.2704107726592982
358,YC_SPREAD,target,13,307,-0.10068721829326617,-0.10127712062297002
359,YC_SPREAD,ipman_change_3m,13,307,0.1318482873028569,0.2623645269120591
360,YC_SPREAD,target,14,306,-0.11785523739604799,-0.11884962707455057
361,YC_SPREAD,ipman_change_3m,14,306,0.13390908022617085,0.2453000758365015
362,YC_SPREAD,target,15,305,-0.13820346333165076,-0.142014109830348
363,YC_SPREAD,ipman_change_3m,15,305,0.13690757752568078,0.22994690800862755
364,YC_SPREAD,target,16,304,-0.16576902404505453,-0.16851134432828704
365,YC_SPREAD,ipman_change_3m,16,304,0.14023331715559378,0.2207092490697911
366,YC_SPREAD,target,17,303,-0.1953467498631671,-0.19854339582974662
367,YC_SPREAD,ipman_change_3m,17,303,0.148921385660618,0.22126594429049198
368,YC_SPREAD,target,18,302,-0.21509044711489153,-0.21986803972216923
369,YC_SPREAD,ipman_change_3m,18,302,0.1540710527421822,0.22530549169809247
370,CPIAUCSL,target,-18,301,-0.005649447761010795,-0.007829409712486
371,CPIAUCSL,ipman_change_3m,-18,301,-0.021299845011712535,-0.1666557024661659
372,CPIAUCSL,target,-17,302,-0.008177151024617151,-0.009622492444718318
373,CPIAUCSL,ipman_change_3m,-17,302,-0.014832934526378355,-0.1519274779000667
374,CPIAUCSL,target,-16,303,-0.010215879588532912,-0.011701280345218838
375,CPIAUCSL,ipman_change_3m,-16,303,-0.009941078405068348,-0.13937907578652556
376,CPIAUCSL,target,-15,304,-0.013333367996499347,-0.014363799577914673
377,CPIAUCSL,ipman_change_3m,-15,304,-0.01032799869478673,-0.13812986607495142
378,CPIAUCSL,target,-14,305,-0.015890464296579,-0.015795940688112766
379,CPIAUCSL,ipman_change_3m,-14,305,-0.011564622681268238,-0.1374204342428454
380,CPIAUCSL,target,-13,306,-0.018677867402578704,-0.018411073545283197
381,CPIAUCSL,ipman_change_3m,-13,306,-0.009131806821695908,-0.13273709450744606
382,CPIAUCSL,target,-12,307,-0.021762093770745266,-0.02010633291256017
383,CPIAUCSL,ipman_change_3m,-12,307,-0.007299501671059799,-0.12988292742313265
384,CPIAUCSL,target,-11,308,-0.024752388411906405,-0.021488170763192937
385,CPIAUCSL,ipman_change_3m,-11,308,-0.006302641781838026,-0.13078307718964727
386,CPIAUCSL,target,-10,309,-0.027163785423418182,-0.022708670314654452
387,CPIAUCSL,ipman_change_3m,-10,309,-0.013306714162084305,-0.14208796463941872
388,CPIAUCSL,target,-9,310,-0.029676026255574348,-0.025677676422130574
389,CPIAUCSL,ipman_change_3m,-9,310,-0.018955784420925926,-0.14956064916603665
390,CPIAUCSL,target,-8,311,-0.03223362740376552,-0.02788719480744102
391,CPIAUCSL,ipman_change_3m,-8,311,-0.026096046523888118,-0.1588585754993985
392,CPIAUCSL,target,-7,312,-0.03420061397480438,-0.02862190488976892
393,CPIAUCSL,ipman_change_3m,-7,312,-0.02787317117409356,-0.16179759476349187
394,CPIAUCSL,target,-6,313,-0.034882389018359924,-0.03050581689277465
395,CPIAUCSL,ipman_change_3m,-6,313,-0.02891937988950798,-0.162128633925528
396,CPIAUCSL,target,-5,314,-0.03547380164828593,-0.0297814174900362
397,CPIAUCSL,ipman_change_3m,-5,314,-0.02434162062162452,-0.1504159367449245
398,CPIAUCSL,target,-4,315,-0.035511055758630256,-0.02992285569618198
399,CPIAUCSL,ipman_change_3m,-4,315,-0.020313482614892027,-0.1407351225339533
400,CPIAUCSL,target,-3,316,-0.03529567433334948,-0.027640575875603972
401,CPIAUCSL,ipman_change_3m,-3,316,-0.018587776472521973,-0.13639869298951038
402,CPIAUCSL,target,-2,317,-0.035447927161783764,-0.0271524841183938
403,CPIAUCSL,ipman_change_3m,-2,317,-0.01548103398050202,-0.12877054722927883
404,CPIAUCSL,target,-1,318,-0.035463289903472556,-0.026598329469263497
405,CPIAUCSL,ipman_change_3m,-1,318,-0.013690624619791735,-0.12527593458592612
406,CPIAUCSL,target,0,319,-0.034614696437443984,-0.02394287768241497
407,CPIAUCSL,ipman_change_3m,0,319,-0.012004258000337342,-0.1205870208202457
408,CPIAUCSL,target,1,318,-0.032682056291023935,-0.021941857997190842
409,CPIAUCSL,ipman_change_3m,1,318,-0.01360745611400553,-0.11714217317886783
410,CPIAUCSL,target,2,317,-0.030463945342356583,-0.019708591605518216
411,CPIAUCSL,ipman_change_3m,2,317,-0.01710181307179797,-0.11511100730638285
412,CPIAUCSL,target,3,316,-0.028824369794501984,-0.017382217818678786
413,CPIAUCSL,ipman_change_3m,3,316,-0.022165749166243635,-0.11705422907375981
414,CPIAUCSL,target,4,315,-0.027931812782453363,-0.016607900769172772
415,CPIAUCSL,ipman_change_3m,4,315,-0.022473520496813497,-0.11731526241577112
416,CPIAUCSL,target,5,314,-0.027400175473787498,-0.01726458984929635
417,CPIAUCSL,ipman_change_3m,5,314,-0.02075521698010011,-0.1167165620211964
418,CPIAUCSL,target,6,313,-0.02742267207395314,-0.01720470241819992
419,CPIAUCSL,ipman_change_3m,6,313,-0.02044361173278562,-0.11567101535661502
420,CPIAUCSL,target,7,312,-0.028415560760570613,-0.018015820085828107
421,CPIAUCSL,ipman_change_3m,7,312,-0.017251887766348242,-0.1131563090819728
422,CPIAUCSL,target,8,311,-0.030240541065933737,-0.020075862138503518
423,CPIAUCSL,ipman_change_3m,8,311,-0.016717039907154233,-0.11603661769448644
424,CPIAUCSL,target,9,310,-0.0326150890409358,-0.02406365347030323
425,CPIAUCSL,ipman_change_3m,9,310,-0.013817105089051828,-0.11149362481274917
426,CPIAUCSL,target,10,309,-0.03603348204790665,-0.02882821751911933
427,CPIAUCSL,ipman_change_3m,10,309,-0.012371766115771407,-0.11141430899700681
428,CPIAUCSL,target,11,309,-0.040016331759104955,-0.034284197305346514
429,CPIAUCSL,ipman_change_3m,11,309,-0.0114241882187173,-0.1126251572537645
430,CPIAUCSL,target,12,308,-0.043211777801067636,-0.03912329423420019
431,CPIAUCSL,ipman_change_3m,12,308,-0.013073045023009367,-0.11993996255985948
432,CPIAUCSL,target,13,307,-0.04666033028816726,-0.04348925792001116
433,CPIAUCSL,ipman_change_3m,13,307,-0.014218717251488721,-0.12843447696672358
434,CPIAUCSL,target,14,306,-0.05040834831768396,-0.04715031523571536
435,CPIAUCSL,ipman_change_3m,14,306,-0.015071026037774668,-0.13691332143490936
436,CPIAUCSL,target,15,305,-0.05399948852483035,-0.05054701554665623
437,CPIAUCSL,ipman_change_3m,15,305,-0.014846420626653057,-0.14567491288340859
438,CPIAUCSL,target,16,304,-0.05694557300951609,-0.05337286097309345
439,CPIAUCSL,ipman_change_3m,16,304,-0.016507088227633467,-0.15348668639760898
440,CPIAUCSL,target,17,303,-0.05966612650669002,-0.055771043504165785
441,CPIAUCSL,ipman_change_3m,17,303,-0.01916060457959834,-0.16182091832764595
442,CPIAUCSL,target,18,302,-0.06202218446054662,-0.0575822229648327
443,CPIAUCSL,ipman_change_3m,18,302,-0.023280473501256845,-0.17171359827660404
444,CPI_YOY,target,-18,301,0.05989129354937463,-0.016426394156090728
445,CPI_YOY,ipman_change_3m,-18,301,0.1298084498762573,0.18531477532173016
446,CPI_YOY,target,-17,302,0.042949180963273076,-0.009622483012025796
447,CPI_YOY,ipman_change_3m,-17,302,0.16291222219439544,0.25586650837046276
448,CPI_YOY,target,-16,303,0.023910535996032496,-0.014436630569533032
449,CPI_YOY,ipman_change_3m,-16,303,0.17438937814619768,0.2834049025700069
450,CPI_YOY,target,-15,304,-0.008863411506329922,-0.021923673022737362
451,CPI_YOY,ipman_change_3m,-15,304,0.16302108661073897,0.2741180246965321
452,CPI_YOY,target,-14,305,-0.031389945849932654,-0.03204316347396692
453,CPI_YOY,ipman_change_3m,-14,305,0.14655321668105908,0.2765349347254572
454,CPI_YOY,target,-13,306,-0.05947204312737191,-0.04101324713561924
455,CPI_YOY,ipman_change_3m,-13,306,0.14993776423419614,0.2884147117802527
456,CPI_YOY,target,-12,307,-0.098751306052668,-0.06404233396002991
457,CPI_YOY,ipman_change_3m,-12,307,0.17142044990366045,0.28417712922421295
458,CPI_YOY,target,-11,308,-0.14603836297854383,-0.10255034777248365
459,CPI_YOY,ipman_change_3m,-11,308,0.20932524138630604,0.2752390169854747
460,CPI_YOY,target,-10,309,-0.19132163824782164,-0.15026047970059225
461,CPI_YOY,ipman_change_3m,-10,309,0.2500166260475732,0.2707355519451193
462,CPI_YOY,target,-9,310,-0.23268832816803847,-0.19999223567554228
463,CPI_YOY,ipman_change_3m,-9,310,0.27300323803202475,0.2872916915905715
464,CPI_YOY,target,-8,311,-0.26558541548719544,-0.23872001352436487
465,CPI_YOY,ipman_change_3m,-8,311,0.2712173015108793,0.2895883944349101
466,CPI_YOY,target,-7,312,-0.28777048182423315,-0.2628273092157002
467,CPI_YOY,ipman_change_3m,-7,312,0.25099092716948307,0.27224672475496076
468,CPI_YOY,target,-6,313,-0.29117713794905864,-0.25619078032300163
469,CPI_YOY,ipman_change_3m,-6,313,0.22140112393843084,0.23336972130622247
470,CPI_YOY,target,-5,314,-0.2867890421454659,-0.26630604036668015
471,CPI_YOY,ipman_change_3m,-5,314,0.1831176366644539,0.17279764890294608
472,CPI_YOY,target,-4,315,-0.2653808255983564,-0.2433914155887737
473,CPI_YOY,ipman_change_3m,-4,315,0.15151262156045966,0.12356632680387208
474,CPI_YOY,target,-3,316,-0.23200210642325975,-0.20687669079385135
475,CPI_YOY,ipman_change_3m,-3,316,0.13148640898872982,0.09351269977785041
476,CPI_YOY,target,-2,317,-0.19326483648853265,-0.17156383729312294
477,CPI_YOY,ipman_change_3m,-2,317,0.1165878098415922,0.07214309729587827
478,CPI_YOY,target,-1,318,-0.16282477866303005,-0.1497124734170026
479,CPI_YOY,ipman_change_3m,-1,318,0.09297798423956012,0.04504061745851105
480,CPI_YOY,target,0,319,-0.11552049442972749,-0.11823979106939245
481,CPI_YOY,ipman_change_3m,0,319,0.05650309262288924,0.022662030272600175
482,CPI_YOY,target,1,318,-0.05901166485000341,-0.06377948914654588
483,CPI_YOY,ipman_change_3m,1,318,-0.006403709219736628,-0.009741174486213295
484,CPI_YOY,target,2,317,0.0023030014364155164,-0.0028357659056714537
485,CPI_YOY,ipman_change_3m,2,317,-0.08781215124398155,-0.05661056503767677
486,CPI_YOY,target,3,316,0.0556864288912198,0.053428897415767396
487,CPI_YOY,ipman_change_3m,3,316,-0.15737231099393864,-0.1238979667159112
488,CPI_YOY,target,4,315,0.09505320788246908,0.1025107373891541
489,CPI_YOY,ipman_change_3m,4,315,-0.18231440318390965,-0.18607387346262066
490,CPI_YOY,target,5,314,0.1287015604420126,0.13567077042991862
491,CPI_YOY,ipman_change_3m,5,314,-0.1813447918090053,-0.2372733537940633
492,CPI_YOY,target,6,313,0.15146266220199406,0.15744455969060317
493,CPI_YOY,ipman_change_3m,6,313,-0.172913895226067,-0.2512560503402444
494,CPI_YOY,target,7,312,0.16902746648428515,0.17652580469711207
495,CPI_YOY,ipman_change_3m,7,312,-0.1669381448249104,-0.23659522682980053
496,CPI_YOY,target,8,311,0.17463865878384804,0.1902459801970932
497,CPI_YOY,ipman_change_3m,8,311,-0.16573525254675553,-0.2188001601334409
498,CPI_YOY,target,9,310,0.16944051409916003,0.18487910267878452
499,CPI_YOY,ipman_change_3m,9,310,-0.16618477610862403,-0.21743750495960856
500,CPI_YOY,target,10,309,0.14625422430010998,0.16530127354697144
501,CPI_YOY,ipman_change_3m,10,309,-0.1581861377553279,-0.20580311757520275
502,CPI_YOY,target,11,309,0.13179567939837464,0.15424186630698675
503,CPI_YOY,ipman_change_3m,11,309,-0.14241562177069408,-0.18574299822725382
504,CPI_YOY,target,12,308,0.11383030886786248,0.15071344463094777
505,CPI_YOY,ipman_change_3m,12,308,-0.12710274763163293,-0.16392159326996855
506,CPI_YOY,target,13,307,0.09744388006662706,0.14014845641020499
507,CPI_YOY,ipman_change_3m,13,307,-0.11170448096091994,-0.1604151913328688
508,CPI_YOY,target,14,306,0.07380841705192388,0.11316063808221952
509,CPI_YOY,ipman_change_3m,14,306,-0.08843565621288761,-0.15539608961290155
510,CPI_YOY,target,15,305,0.054456197143014855,0.09462511654988352
511,CPI_YOY,ipman_change_3m,15,305,-0.05895840252571047,-0.12136817603245464
512,CPI_YOY,target,16,304,0.04374462981985765,0.08300756199643318
513,CPI_YOY,ipman_change_3m,16,304,-0.04325982203764192,-0.07115579988634096
514,CPI_YOY,target,17,303,0.03144245666331305,0.06686439421678457
515,CPI_YOY,ipman_change_3m,17,303,-0.03846408926862121,-0.028897377932374808
516,CPI_YOY,target,18,302,0.020837789894929105,0.057582160246567066
517,CPI_YOY,ipman_change_3m,18,302,-0.04023213394594327,-0.007107209375783027
518,UNRATE,target,-18,301,0.3155626067403218,0.21670005432995318
519,UNRATE,ipman_change_3m,-18,301,-0.1487904717081555,-0.058102035917200125
520,UNRATE,target,-17,302,0.32476588321553573,0.23026751576360294
521,UNRATE,ipman_change_3m,-17,302,-0.16252773665265233,-0.06485637915658259
522,UNRATE,target,-16,303,0.33465201138485623,0.2486374126926996
523,UNRATE,ipman_change_3m,-16,303,-0.17449518713832293,-0.074187457976793
524,UNRATE,target,-15,304,0.34656142411366003,0.26545935662542464
525,UNRATE,ipman_change_3m,-15,304,-0.18138439160180223,-0.06684697467723388
526,UNRATE,target,-14,305,0.3557229926308965,0.2796265505347533
527,UNRATE,ipman_change_3m,-14,305,-0.1867262124811075,-0.06218275124827205
528,UNRATE,target,-13,306,0.36077528972257616,0.2857124692657827
529,UNRATE,ipman_change_3m,-13,306,-0.18054013936382618,-0.04661631968002696
530,UNRATE,target,-12,307,0.3658153092552225,0.2956839711587753
531,UNRATE,ipman_change_3m,-12,307,-0.16645812645035424,-0.029898893254233196
532,UNRATE,target,-11,308,0.36606090858891455,0.2971768433487655
533,UNRATE,ipman_change_3m,-11,308,-0.14682502441714804,-0.005750837207625487
534,UNRATE,target,-10,309,0.3642681259440027,0.2994640911354413
535,UNRATE,ipman_change_3m,-10,309,-0.1318793817976165,0.02190754055659174
536,UNRATE,target,-9,310,0.3570562970306495,0.2957082002985195
537,UNRATE,ipman_change_3m,-9,310,-0.12097173446732139,0.046570569491457686
538,UNRATE,target,-8,311,0.34986405731823833,0.29819504013015063
539,UNRATE,ipman_change_3m,-8,311,-0.11028475697556661,0.07186601545381856
540,UNRATE,target,-7,312,0.3379677837387367,0.2922244791079271
541,UNRATE,ipman_change_3m,-7,312,-0.10364139755782362,0.08829066973322858
542,UNRATE,target,-6,313,0.33217348349267556,0.29404731347992896
543,UNRATE,ipman_change_3m,-6,313,-0.08932209991826708,0.10265095934607335
544,UNRATE,target,-5,314,0.3223454811914699,0.2900210416295793
545,UNRATE,ipman_change_3m,-5,314,-0.08083178235621692,0.11934192988665393
546,UNRATE,target,-4,315,0.3253392646575232,0.2930501802143633
547,UNRATE,ipman_change_3m,-4,315,-0.08008027330593712,0.14067926343953813
548,UNRATE,target,-3,316,0.3249502709764077,0.28728143281146656
549,UNRATE,ipman_change_3m,-3,316,-0.0932250497097583,0.15849637620215423
550,UNRATE,target,-2,317,0.338006361403655,0.2851128584760007
551,UNRATE,ipman_change_3m,-2,317,-0.10395326086908115,0.16923857918957674
552,UNRATE,target,-1,318,0.35371772740853175,0.27428164615905876
553,UNRATE,ipman_change_3m,-1,318,-0.11447940895767653,0.18633446464805017
554,UNRATE,target,0,319,0.28694679822391594,0.22765798787358438
555,UNRATE,ipman_change_3m,0,319,-0.07881750348086877,0.22009299701024934
556,UNRATE,target,1,318,0.21146835701792122,0.1705966903670728
557,UNRATE,ipman_change_3m,1,318,0.0862032528946406,0.26663509430280324
558,UNRATE,target,2,317,0.11768974595264559,0.10603088690504847
559,UNRATE,ipman_change_3m,2,317,0.2631058326800224,0.30951090847395346
560,UNRATE,target,3,316,0.015676476680553917,0.045967928085130984
561,UNRATE,ipman_change_3m,3,316,0.36793322992611655,0.3450216748530516
562,UNRATE,target,4,315,-0.013810640520182223,0.015898587797250893
563,UNRATE,ipman_change_3m,4,315,0.2959536190397395,0.3649078206470662
564,UNRATE,target,5,314,-0.032576135184726886,-0.003454335197359276
565,UNRATE,ipman_change_3m,5,314,0.21540729131761435,0.3604619240179548
566,UNRATE,target,6,313,-0.04800748713331245,-0.017717984198618007
567,UNRATE,ipman_change_3m,6,313,0.1910961358549389,0.36115886105886813
568,UNRATE,target,7,312,-0.053975255084528155,-0.031395144671990984
569,UNRATE,ipman_change_3m,7,312,0.17997405631987204,0.3408394924811333
570,UNRATE,target,8,311,-0.06270661728059068,-0.04717919892116856
571,UNRATE,ipman_change_3m,8,311,0.17758271372977544,0.3238781521910788
572,UNRATE,target,9,310,-0.05991914166852964,-0.06267884013255098
573,UNRATE,ipman_change_3m,9,310,0.158838565816145,0.30112099634407713
574,UNRATE,target,10,309,-0.058433836909363324,-0.07641470280265479
575,UNRATE,ipman_change_3m,10,309,0.14198452460521213,0.27917183238026655
576,UNRATE,target,11,309,-0.13822018207822187,-0.12037528472387318
577,UNRATE,ipman_change_3m,11,309,0.159409712721692,0.27831693678653224
578,UNRATE,target,12,308,-0.15241269341404595,-0.1481059085391036
579,UNRATE,ipman_change_3m,12,308,0.16763229000402466,0.283966946232269
580,UNRATE,target,13,307,-0.15856728542451462,-0.15510497967979991
581,UNRATE,ipman_change_3m,13,307,0.17596401196372286,0.28130148420576484
582,UNRATE,target,14,306,-0.15931465630326755,-0.1534880445143161
583,UNRATE,ipman_change_3m,14,306,0.14189876104298368,0.25761960900219477
584,UNRATE,target,15,305,-0.16087660577756593,-0.15614233265771632
585,UNRATE,ipman_change_3m,15,305,0.12497299038713093,0.2201953091497133
586,UNRATE,target,16,304,-0.16435551315468314,-0.1623772542348533
587,UNRATE,ipman_change_3m,16,304,0.10474757820825613,0.1907388190153319
588,UNRATE,target,17,303,-0.16519141346472582,-0.16616512867321165
589,UNRATE,ipman_change_3m,17,303,0.09846544518084822,0.1763204473994341
590,UNRATE,target,18,302,-0.1687578906559382,-0.1738103214454759
591,UNRATE,ipman_change_3m,18,302,0.10397375167419393,0.17492484041198017
592,ICSA,target,-18,303,0.017556801847538252,0.17552302892691604
593,ICSA,ipman_change_3m,-18,303,-0.04022001043474336,-0.05943836518455192
594,ICSA,target,-17,304,0.025419116678982376,0.20427277788741965
595,ICSA,ipman_change_3m,-17,304,-0.06636110744170284,-0.09159543495662968
596,ICSA,target,-16,305,0.032924994497197414,0.22197534072078276
597,ICSA,ipman_change_3m,-16,305,-0.08238026218897006,-0.09261637611538989
598,ICSA,target,-15,306,0.04059265899494802,0.24294160074465485
599,ICSA,ipman_change_3m,-15,306,-0.08293111354189864,-0.08477477693794182
600,ICSA,target,-14,307,0.046247566796193136,0.2535686932790419
601,ICSA,ipman_change_3m,-14,307,-0.08844480135600744,-0.06763860659221026
602,ICSA,target,-13,308,0.0582549424981826,0.27364664059746524
603,ICSA,ipman_change_3m,-13,308,-0.0992155696811208,-0.0627396089327137
604,ICSA,target,-12,309,0.07077403361058074,0.277597388205575
605,ICSA,ipman_change_3m,-12,309,-0.11479347265918266,-0.041152238277559004
606,ICSA,target,-11,310,0.08932624652706338,0.30608456091749325
607,ICSA,ipman_change_3m,-11,310,-0.11581895612875741,-0.02907310300665905
608,ICSA,target,-10,311,0.10638009469666533,0.3136281933496673
609,ICSA,ipman_change_3m,-10,311,-0.10755803246831722,-0.005690370027109628
610,ICSA,target,-9,312,0.11957380146854757,0.32015085957259826
611,ICSA,ipman_change_3m,-9,312,-0.09802961856458588,0.009854353916048837
612,ICSA,target,-8,313,0.1274589774509476,0.3356433674885073
613,ICSA,ipman_change_3m,-8,313,-0.08940169999485624,0.023752238023344
614,ICSA,target,-7,314,0.13827598308232528,0.35479485086176277
615,ICSA,ipman_change_3m,-7,314,-0.07838335491006744,0.0263794943540889
616,ICSA,target,-6,315,0.13695838336812927,0.3499902313786037
617,ICSA,ipman_change_3m,-6,315,-0.08928472599783599,0.02176480226798643
618,ICSA,target,-5,316,0.14340621182812147,0.35441940272430994
619,ICSA,ipman_change_3m,-5,316,-0.08598065496386813,0.025827002898175584
620,ICSA,target,-4,317,0.1587635595136314,0.34582911066525457
621,ICSA,ipman_change_3m,-4,317,-0.08374357147709102,0.060655861696793364
622,ICSA,target,-3,318,0.18221689789558515,0.35919071595787566
623,ICSA,ipman_change_3m,-3,318,-0.09273487556520753,0.07913028358407476
624,ICSA,target,-2,319,0.2091264309332398,0.34756506492300526
625,ICSA,ipman_change_3m,-2,319,-0.11991396097508737,0.09688579142591001
626,ICSA,target,-1,320,0.29119493453656975,0.3393323043655422
627,ICSA,ipman_change_3m,-1,320,-0.17616517225799352,0.09378956348842332
628,ICSA,target,0,320,0.44128880591364505,0.33325286402073956
629,ICSA,ipman_change_3m,0,320,-0.31107701379379193,0.09830527812195004
630,ICSA,target,1,319,0.39676311893087457,0.2849330327366634
631,ICSA,ipman_change_3m,1,319,-0.4399951387850025,0.1449571077668762
632,ICSA,target,2,318,0.33920979105108984,0.22429129177669932
633,ICSA,ipman_change_3m,2,318,-0.19610345008687272,0.18723221721093075
634,ICSA,target,3,317,0.22385478398901382,0.17993317648104945
635,ICSA,ipman_change_3m,3,317,0.19587032124886647,0.2491490868349547
636,ICSA,target,4,316,0.026038715286332375,0.13079673887953527
637,ICSA,ipman_change_3m,4,316,0.5240440583459431,0.2660293237829186
638,ICSA,target,5,315,0.01726158498515459,0.1214835626098847
639,ICSA,ipman_change_3m,5,315,0.357826146930794,0.27211614499139963
640,ICSA,target,6,314,0.009692251191805267,0.09905760966807436
641,ICSA,ipman_change_3m,6,314,0.1681267143723596,0.2715564403829717
642,ICSA,target,7,313,0.014584407517080284,0.07489259629355093
643,ICSA,ipman_change_3m,7,313,0.10790675966314489,0.28884897590303676
644,ICSA,target,8,312,0.013981007729274743,0.05492033273976644
645,ICSA,ipman_change_3m,8,312,0.09302913724380721,0.28320424368069796
646,ICSA,target,9,311,0.014047733146714468,0.03270608625178026
647,ICSA,ipman_change_3m,9,311,0.09852824653447623,0.2834631188553368
648,ICSA,target,10,310,0.06892093893346286,0.017607911276267207
649,ICSA,ipman_change_3m,10,310,0.062124736064423355,0.2569591285207608
650,ICSA,target,11,309,0.147778803321911,0.005308627214940489
651,ICSA,ipman_change_3m,11,309,0.0009890261591058303,0.2526098889238022
652,ICSA,target,12,308,-0.04730730541680278,-0.05957531219775226
653,ICSA,ipman_change_3m,12,308,0.04806794757184013,0.26923217126046484
654,ICSA,target,13,307,-0.05035132083316724,-0.0752140993954689
655,ICSA,ipman_change_3m,13,307,0.0758346909126509,0.28666455292066434
656,ICSA,target,14,306,-0.049821677903248554,-0.06840676034410968
657,ICSA,ipman_change_3m,14,306,0.13972552490645404,0.28343454032547744
658,ICSA,target,15,305,-0.0484692397514402,-0.06265847696984096
659,ICSA,ipman_change_3m,15,305,0.07178101929515138,0.24430423212345934
660,ICSA,target,16,304,-0.04997712077469713,-0.06652840022221607
661,ICSA,ipman_change_3m,16,304,0.06228696730873386,0.21520329606257188
662,ICSA,target,17,303,-0.05086851798800482,-0.07226066254231296
663,ICSA,ipman_change_3m,17,303,0.02072212953639519,0.2051201360200451
664,ICSA,target,18,302,-0.05393447154929676,-0.09095730702659055
665,ICSA,ipman_change_3m,18,302,0.007395602261772526,0.20776339592220186
666,VIXCLS,target,-18,303,0.11752033008442166,0.18646098386624024
667,VIXCLS,ipman_change_3m,-18,303,-0.026078149125517987,-0.08249137969279995
668,VIXCLS,target,-17,304,0.11228138993377755,0.18710770892068027
669,VIXCLS,ipman_change_3m,-17,304,-0.058271832910205754,-0.09943817699137286
670,VIXCLS,target,-16,305,0.1266324247710574,0.19857787603221175
671,VIXCLS,ipman_change_3m,-16,305,-0.05359963755664695,-0.1505092354543257
672,VIXCLS,target,-15,306,0.1237007473171115,0.1897241854691534
673,VIXCLS,ipman_change_3m,-15,306,-0.0696329025386808,-0.16162135239176345
674,VIXCLS,target,-14,307,0.1291000295888371,0.1857977179202445
675,VIXCLS,ipman_change_3m,-14,307,-0.06493090855329446,-0.14364865208199426
676,VIXCLS,target,-13,308,0.11555553754151661,0.18324252964961568
677,VIXCLS,ipman_change_3m,-13,308,-0.0749905780674199,-0.10306881203615943
678,VIXCLS,target,-12,309,0.1476959026773824,0.1961206536122879
679,VIXCLS,ipman_change_3m,-12,309,-0.11714399051034614,-0.14780221249661551
680,VIXCLS,target,-11,310,0.16230085875058756,0.21173112444894432
681,VIXCLS,ipman_change_3m,-11,310,-0.12564611872689735,-0.13795850900581427
682,VIXCLS,target,-10,311,0.19525614867075705,0.23769856332152398
683,VIXCLS,ipman_change_3m,-10,311,-0.15399429158660644,-0.12123276324760986
684,VIXCLS,target,-9,312,0.2517719821185847,0.2712547253018587
685,VIXCLS,ipman_change_3m,-9,312,-0.1757749705908574,-0.1024958895737346
686,VIXCLS,target,-8,313,0.26873917140601633,0.25937213826477695
687,VIXCLS,ipman_change_3m,-8,313,-0.16811575606684373,-0.10070421570679484
688,VIXCLS,target,-7,314,0.3663310447012248,0.29651979040106946
689,VIXCLS,ipman_change_3m,-7,314,-0.15760327326549628,-0.11538044854960046
690,VIXCLS,target,-6,315,0.3762277655811869,0.2863435564566893
691,VIXCLS,ipman_change_3m,-6,315,-0.16275334229395003,-0.0828920346632813
692,VIXCLS,target,-5,316,0.4154028054109751,0.32285381552715475
693,VIXCLS,ipman_change_3m,-5,316,-0.2202688722776221,-0.12838067045287413
694,VIXCLS,target,-4,317,0.4414620945894445,0.30817761440948127
695,VIXCLS,ipman_change_3m,-4,317,-0.22695031126494536,-0.11847483811804461
696,VIXCLS,target,-3,318,0.4523616836616457,0.3243308076679576
697,VIXCLS,ipman_change_3m,-3,318,-0.19782388251335092,-0.1367906305522615
698,VIXCLS,target,-2,319,0.45336950554272576,0.3281794314019867
699,VIXCLS,ipman_change_3m,-2,319,-0.2087465193738323,-0.10438807033126962
700,VIXCLS,target,-1,320,0.44952245384710926,0.31430967431284385
701,VIXCLS,ipman_change_3m,-1,320,-0.24229414076333503,-0.10458436785430285
702,VIXCLS,target,0,320,0.5166819806390913,0.3442173089517716
703,VIXCLS,ipman_change_3m,0,320,-0.2907173373613759,-0.09935297963483235
704,VIXCLS,target,1,319,0.5332954638071139,0.3404668512769006
705,VIXCLS,ipman_change_3m,1,319,-0.3495192900968617,-0.11422518340542728
706,VIXCLS,target,2,318,0.49822260652750344,0.31621724602301193
707,VIXCLS,ipman_change_3m,2,318,-0.34056461904006435,-0.11690147848598559
708,VIXCLS,target,3,317,0.45120627771785765,0.27776397675886805
709,VIXCLS,ipman_change_3m,3,317,-0.20404979691811842,-0.09113933873778918
710,VIXCLS,target,4,316,0.3665318850009091,0.23615626543742382
711,VIXCLS,ipman_change_3m,4,316,-0.0010312733099116875,-0.04567241368505442
712,VIXCLS,target,5,315,0.26118225501184605,0.18125543644204753
713,VIXCLS,ipman_change_3m,5,315,0.10664384416951886,-0.014276919485720602
714,VIXCLS,target,6,314,0.2253820279694512,0.16315057960336593
715,VIXCLS,ipman_change_3m,6,314,0.07671510748557261,0.004871126116035433
716,VIXCLS,target,7,313,0.1970574886130596,0.16004730924547295
717,VIXCLS,ipman_change_3m,7,313,0.025851363793912414,-0.007899775596148703
718,VIXCLS,target,8,312,0.1713068889763144,0.17260338412638074
719,VIXCLS,ipman_change_3m,8,312,-0.013039869408937633,-0.028506720107298374
720,VIXCLS,target,9,311,0.07762338457829812,0.14045818592842832
721,VIXCLS,ipman_change_3m,9,311,0.018209592482078936,-0.03571015029305917
722,VIXCLS,target,10,310,0.0695620357982987,0.13777924169938216
723,VIXCLS,ipman_change_3m,10,310,0.047098446738394,-0.004601716761807944
724,VIXCLS,target,11,309,0.08256675689547463,0.10852988146498906
725,VIXCLS,ipman_change_3m,11,309,0.04741031951752663,0.0069990930830153165
726,VIXCLS,target,12,308,0.03356015791555041,0.07602375988844427
727,VIXCLS,ipman_change_3m,12,308,0.049823369808792504,0.017703631030996838
728,VIXCLS,target,13,307,-0.003993754666676036,0.04661696319850156
729,VIXCLS,ipman_change_3m,13,307,0.07372554018482204,0.05705129527780155
730,VIXCLS,target,14,306,-0.03955820666473008,-0.005388613661809229
731,VIXCLS,ipman_change_3m,14,306,0.1326188976629611,0.14110540254117376
732,VIXCLS,target,15,305,-0.028380661156365745,0.0030087541067680477
733,VIXCLS,ipman_change_3m,15,305,0.12190218222328347,0.16798940260484402
734,VIXCLS,target,16,304,-0.04660632493784888,-0.016404990366589926
735,VIXCLS,ipman_change_3m,16,304,0.0842799411561539,0.18401063227076359
736,VIXCLS,target,17,303,-0.0554305138738913,-0.02241481686223221
737,VIXCLS,ipman_change_3m,17,303,0.07154607394622081,0.17196583563684262
738,VIXCLS,target,18,302,-0.0864275067514987,-0.07247425611864035
739,VIXCLS,ipman_change_3m,18,302,0.08108808247567492,0.16987543949126657
740,CREDIT_SPREAD,target,-18,303,0.022724725905696862,0.061395604469361556
741,CREDIT_SPREAD,ipman_change_3m,-18,303,0.013293535622804538,0.013759240688368778
742,CREDIT_SPREAD,target,-17,304,0.031036612865073452,0.07386242521819877
743,CREDIT_SPREAD,ipman_change_3m,-17,304,-0.009910460036573285,-0.019894445188315256
744,CREDIT_SPREAD,target,-16,305,0.0311427344100642,0.07514586659839126
745,CREDIT_SPREAD,ipman_change_3m,-16,305,-0.03133909840825251,-0.04998320318745685
746,CREDIT_SPREAD,target,-15,306,0.029934317846359103,0.07454468226332903
747,CREDIT_SPREAD,ipman_change_3m,-15,306,-0.045487994294632635,-0.06705034082362153
748,CREDIT_SPREAD,target,-14,307,0.03828912065570891,0.07737450641388605
749,CREDIT_SPREAD,ipman_change_3m,-14,307,-0.049607207997088336,-0.06506569043734832
750,CREDIT_SPREAD,target,-13,308,0.05014197377491422,0.07891583697883058
751,CREDIT_SPREAD,ipman_change_3m,-13,308,-0.057271326056573924,-0.0649804296730916
752,CREDIT_SPREAD,target,-12,309,0.08494182817809284,0.09946401043618165
753,CREDIT_SPREAD,ipman_change_3m,-12,309,-0.07533755559859363,-0.08462341477174017
754,CREDIT_SPREAD,target,-11,310,0.11520803369792897,0.10293386836006463
755,CREDIT_SPREAD,ipman_change_3m,-11,310,-0.08567876220905181,-0.08100828177463627
756,CREDIT_SPREAD,target,-10,311,0.14890088155121853,0.11958265358610076
757,CREDIT_SPREAD,ipman_change_3m,-10,311,-0.10397102539887243,-0.08594747455564856
758,CREDIT_SPREAD,target,-9,312,0.21190922833908513,0.141515498754206
759,CREDIT_SPREAD,ipman_change_3m,-9,312,-0.12074093710744946,-0.07935346396433068
760,CREDIT_SPREAD,target,-8,313,0.2705771781121816,0.16612418073439625
761,CREDIT_SPREAD,ipman_change_3m,-8,313,-0.149680476470983,-0.08595307379836306
762,CREDIT_SPREAD,target,-7,314,0.3336160468332677,0.19567100212340857
763,CREDIT_SPREAD,ipman_change_3m,-7,314,-0.18043496219276306,-0.09857877961286277
764,CREDIT_SPREAD,target,-6,315,0.3939160333050837,0.23215934469988894
765,CREDIT_SPREAD,ipman_change_3m,-6,315,-0.22699263000030456,-0.13603259453054287
766,CREDIT_SPREAD,target,-5,316,0.4427853198587291,0.2675085641583444
767,CREDIT_SPREAD,ipman_change_3m,-5,316,-0.2698737789453895,-0.17080671649391355
768,CREDIT_SPREAD,target,-4,317,0.47707950759092466,0.2750065053569034
769,CREDIT_SPREAD,ipman_change_3m,-4,317,-0.29221678534457923,-0.17948868886794517
770,CREDIT_SPREAD,target,-3,318,0.5039034667135512,0.29385995998511655
771,CREDIT_SPREAD,ipman_change_3m,-3,318,-0.3035959998012159,-0.17735326613967015
772,CREDIT_SPREAD,target,-2,319,0.5100657623359914,0.3000317000116499
773,CREDIT_SPREAD,ipman_change_3m,-2,319,-0.3194544110335134,-0.17727830700024744
774,CREDIT_SPREAD,target,-1,320,0.5244167200832474,0.3149469353425525
775,CREDIT_SPREAD,ipman_change_3m,-1,320,-0.3417134093002619,-0.19228325037835534
776,CREDIT_SPREAD,target,0,320,0.5516751617126009,0.33528217868587923
777,CREDIT_SPREAD,ipman_change_3m,0,320,-0.35812612032919267,-0.20063904535567706
778,CREDIT_SPREAD,target,1,319,0.5409821417607552,0.3266436930601839
779,CREDIT_SPREAD,ipman_change_3m,1,319,-0.354922836605398,-0.19115347165472493
780,CREDIT_SPREAD,target,2,318,0.50225811406186,0.3019739376068056
781,CREDIT_SPREAD,ipman_change_3m,2,318,-0.28789227603605205,-0.17001779978974155
782,CREDIT_SPREAD,target,3,317,0.44880024018448045,0.27153284545672257
783,CREDIT_SPREAD,ipman_change_3m,3,317,-0.18725403197158688,-0.13786238669124856
784,CREDIT_SPREAD,target,4,316,0.36906852816104235,0.23338452448122107
785,CREDIT_SPREAD,ipman_change_3m,4,316,-0.07518841463282472,-0.08719897761570067
786,CREDIT_SPREAD,target,5,315,0.330393052328914,0.22607461754181127
787,CREDIT_SPREAD,ipman_change_3m,5,315,-0.04162721449279797,-0.04987964331722301
788,CREDIT_SPREAD,target,6,314,0.27027485313670924,0.195095707147302
789,CREDIT_SPREAD,ipman_change_3m,6,314,-0.03559076048265703,-0.012787508913050446
790,CREDIT_SPREAD,target,7,313,0.21245255025304777,0.1763173685300081
791,CREDIT_SPREAD,ipman_change_3m,7,313,-0.021783562101093484,0.019111422287873627
792,CREDIT_SPREAD,target,8,312,0.14467033715722036,0.1500879707428908
793,CREDIT_SPREAD,ipman_change_3m,8,312,0.006588396432218791,0.03823595190539484
794,CREDIT_SPREAD,target,9,311,0.08090688672131949,0.11753864634187744
795,CREDIT_SPREAD,ipman_change_3m,9,311,0.04633345577973132,0.060123947787539475
796,CREDIT_SPREAD,target,10,310,0.054012267934007256,0.09713796524184773
797,CREDIT_SPREAD,ipman_change_3m,10,310,0.06613207421422618,0.07713017458034516
798,CREDIT_SPREAD,target,11,309,0.03084389069764552,0.05323428076022657
799,CREDIT_SPREAD,ipman_change_3m,11,309,0.08130298061510047,0.10561910413184081
800,CREDIT_SPREAD,target,12,308,-0.024287899360828903,-0.003038071355643371
801,CREDIT_SPREAD,ipman_change_3m,12,308,0.11143988708196971,0.14993120944784152
802,CREDIT_SPREAD,target,13,307,-0.05647215011615448,-0.04982049193184717
803,CREDIT_SPREAD,ipman_change_3m,13,307,0.14554444031303365,0.20776289545934803
804,CREDIT_SPREAD,target,14,306,-0.08842625838143275,-0.09250707226050639
805,CREDIT_SPREAD,ipman_change_3m,14,306,0.18230392005678056,0.25976649364976034
806,CREDIT_SPREAD,target,15,305,-0.10392897283134653,-0.11313226465678501
807,CREDIT_SPREAD,ipman_change_3m,15,305,0.1779614704266728,0.2681232565985793
808,CREDIT_SPREAD,target,16,304,-0.1331327524274929,-0.14810260365162775
809,CREDIT_SPREAD,ipman_change_3m,16,304,0.18016804632364233,0.27196311505116294
810,CREDIT_SPREAD,target,17,303,-0.16633573946441893,-0.19231688153802376
811,CREDIT_SPREAD,ipman_change_3m,17,303,0.1856096659170318,0.2663106828323873
812,CREDIT_SPREAD,target,18,302,-0.20125533252455943,-0.24217312910832003
813,CREDIT_SPREAD,ipman_change_3m,18,302,0.20423965358160626,0.26776009091288683
814,SPY_RETURN_3M,target,-18,304,0.03916970840823535,0.03719463732259243
815,SPY_RETURN_3M,ipman_change_3m,-18,304,-0.09004016873976449,-0.15799511357520565
816,SPY_RETURN_3M,target,-17,305,0.053107592167098254,0.04844082843498934
817,SPY_RETURN_3M,ipman_change_3m,-17,305,-0.020470735600374042,-0.077972051633423
818,SPY_RETURN_3M,target,-16,306,0.010176552826189197,0.031732870700713914
819,SPY_RETURN_3M,ipman_change_3m,-16,306,-0.01475488620885924,-0.03068003941043497
820,SPY_RETURN_3M,target,-15,307,0.06496690416665296,0.07282952281950533
821,SPY_RETURN_3M,ipman_change_3m,-15,307,-0.04936929028555716,-0.07392071427327224
822,SPY_RETURN_3M,target,-14,308,0.08643178493892349,0.10240213259958493
823,SPY_RETURN_3M,ipman_change_3m,-14,308,-0.07075009629778554,-0.10592295026689891
824,SPY_RETURN_3M,target,-13,309,0.1575199948638914,0.15114520154184405
825,SPY_RETURN_3M,ipman_change_3m,-13,309,-0.07548595979285254,-0.07846913499904418
826,SPY_RETURN_3M,target,-12,310,0.15927775777551675,0.1784229710943583
827,SPY_RETURN_3M,ipman_change_3m,-12,310,-0.0635542609928479,-0.031494335982147445
828,SPY_RETURN_3M,target,-11,311,0.1761794072212775,0.1632348146081102
829,SPY_RETURN_3M,ipman_change_3m,-11,311,-0.059941209257123484,-0.03398546272729449
830,SPY_RETURN_3M,target,-10,312,0.188700507475354,0.20020782783244812
831,SPY_RETURN_3M,ipman_change_3m,-10,312,-0.059951781348183374,-0.08074501030851257
832,SPY_RETURN_3M,target,-9,313,0.145796882954401,0.14183019544053962
833,SPY_RETURN_3M,ipman_change_3m,-9,313,-0.05726876507145344,-0.048425801422280944
834,SPY_RETURN_3M,target,-8,314,0.11540575585746414,0.14444690043762673
835,SPY_RETURN_3M,ipman_change_3m,-8,314,-0.08943270464814342,-0.06428130520436334
836,SPY_RETURN_3M,target,-7,315,0.06161004962299796,0.10437194582544898
837,SPY_RETURN_3M,ipman_change_3m,-7,315,-0.04041844408302944,-0.014929951663000119
838,SPY_RETURN_3M,target,-6,316,0.029302234937233388,0.09360741047305136
839,SPY_RETURN_3M,ipman_change_3m,-6,316,0.004764042038578103,-0.04049492016588611
840,SPY_RETURN_3M,target,-5,317,-0.011139361822935246,0.054021330327835834
841,SPY_RETURN_3M,ipman_change_3m,-5,317,0.0519969283422011,0.05528377982323234
842,SPY_RETURN_3M,target,-4,318,-0.0485948301175396,0.03640509984413751
843,SPY_RETURN_3M,ipman_change_3m,-4,318,0.006909557865377258,0.06004251500927602
844,SPY_RETURN_3M,target,-3,319,-0.026519829089088773,0.05940073916599247
845,SPY_RETURN_3M,ipman_change_3m,-3,319,0.009545940842579894,0.10045875968533743
846,SPY_RETURN_3M,target,-2,320,-0.08083097775489943,-0.013975493099252686
847,SPY_RETURN_3M,ipman_change_3m,-2,320,0.043038047528207175,0.07632862625611578
848,SPY_RETURN_3M,target,-1,320,-0.14038060380238754,-0.06386800346358477
849,SPY_RETURN_3M,ipman_change_3m,-1,320,0.1721631161182753,0.12451220226760026
850,SPY_RETURN_3M,target,0,320,-0.23084631597529415,-0.14897875643803363
851,SPY_RETURN_3M,ipman_change_3m,0,320,0.3013941804906713,0.1536163683239094
852,SPY_RETURN_3M,target,1,319,-0.3050334474907048,-0.21415160101214778
853,SPY_RETURN_3M,ipman_change_3m,1,319,0.4315724447113804,0.22135284201809902
854,SPY_RETURN_3M,target,2,318,-0.3625475081482454,-0.2528602283747846
855,SPY_RETURN_3M,ipman_change_3m,2,318,0.4087617027351583,0.24433069460151183
856,SPY_RETURN_3M,target,3,317,-0.37294215280605897,-0.26301723821032935
857,SPY_RETURN_3M,ipman_change_3m,3,317,0.28455358506060596,0.2869532328922555
858,SPY_RETURN_3M,target,4,316,-0.31373438192799735,-0.229957930751149
859,SPY_RETURN_3M,ipman_change_3m,4,316,0.12846482081236815,0.24178527218897783
860,SPY_RETURN_3M,target,5,315,-0.25708705533474285,-0.17381007164896442
861,SPY_RETURN_3M,ipman_change_3m,5,315,0.07034195425882497,0.1845513566226297
862,SPY_RETURN_3M,target,6,314,-0.25747075266858366,-0.17494764037067143
863,SPY_RETURN_3M,ipman_change_3m,6,314,0.10205547566541588,0.1392139819237355
864,SPY_RETURN_3M,target,7,313,-0.21468864492940057,-0.17450463394162213
865,SPY_RETURN_3M,ipman_change_3m,7,313,0.1262799661205618,0.13566260665933036
866,SPY_RETURN_3M,target,8,312,-0.1637124811083231,-0.17202182014050693
867,SPY_RETURN_3M,ipman_change_3m,8,312,0.10274894325945207,0.1341659429503445
868,SPY_RETURN_3M,target,9,311,-0.13619555334542605,-0.16352682679882238
869,SPY_RETURN_3M,ipman_change_3m,9,311,0.07156054908107562,0.13490062473570408
870,SPY_RETURN_3M,target,10,310,-0.13763638543035595,-0.16272292347339093
871,SPY_RETURN_3M,ipman_change_3m,10,310,0.07087270088590804,0.1457434520650579
872,SPY_RETURN_3M,target,11,309,-0.13039145352075102,-0.14067563148382362
873,SPY_RETURN_3M,ipman_change_3m,11,309,0.1181538918051598,0.1989644555256832
874,SPY_RETURN_3M,target,12,308,-0.04619044139463613,-0.06579818650393011
875,SPY_RETURN_3M,ipman_change_3m,12,308,0.06320741814177043,0.15699044322427516
876,SPY_RETURN_3M,target,13,307,-0.030651753735624374,-0.04855301521300356
877,SPY_RETURN_3M,ipman_change_3m,13,307,-0.022118782679862878,0.0627917142575123
878,SPY_RETURN_3M,target,14,306,-0.01921592096882488,-0.032780654167246924
879,SPY_RETURN_3M,ipman_change_3m,14,306,-0.08282069006789775,-0.05708754372684087
880,SPY_RETURN_3M,target,15,305,-0.06256863721243106,-0.07416561620636566
881,SPY_RETURN_3M,ipman_change_3m,15,305,-0.052650028921139506,-0.119142600957553
882,SPY_RETURN_3M,target,16,304,-0.0709948100309409,-0.08950904591453136
883,SPY_RETURN_3M,ipman_change_3m,16,304,0.03159789222772717,-0.12449704849691182
884,SPY_RETURN_3M,target,17,303,-0.058652741919595984,-0.07962939775570338
885,SPY_RETURN_3M,ipman_change_3m,17,303,0.022966972631933206,-0.11143704122939307
886,SPY_RETURN_3M,target,18,302,-0.0007913408400071482,-0.005345822731042039
887,SPY_RETURN_3M,ipman_change_3m,18,302,-0.02751698436761049,-0.10408794064154826
888,SPY_RETURN_12M,target,-18,304,0.20299222378927462,0.18310043007178628
889,SPY_RETURN_12M,ipman_change_3m,-18,304,-0.13144899714587913,-0.1169777633501055
890,SPY_RETURN_12M,target,-17,305,0.2085987944304142,0.1927102522522402
891,SPY_RETURN_12M,ipman_change_3m,-17,305,-0.11991672888748567,-0.08980569794785905
892,SPY_RETURN_12M,target,-16,306,0.19744271621599838,0.18590672363342775
893,SPY_RETURN_12M,ipman_change_3m,-16,306,-0.09474208296927228,-0.04824846583050372
894,SPY_RETURN_12M,target,-15,307,0.19060765373906668,0.1712759739109021
895,SPY_RETURN_12M,ipman_change_3m,-15,307,-0.07950697776632591,-0.04237969988113694
896,SPY_RETURN_12M,target,-14,308,0.17258172365403382,0.15827131348242648
897,SPY_RETURN_12M,ipman_change_3m,-14,308,-0.08317685110325393,-0.021324805929973382
898,SPY_RETURN_12M,target,-13,309,0.1651088030904192,0.1608774779338067
899,SPY_RETURN_12M,ipman_change_3m,-13,309,-0.08720529300074245,-0.03129085133469725
900,SPY_RETURN_12M,target,-12,310,0.15266902657189513,0.1465826876013684
901,SPY_RETURN_12M,ipman_change_3m,-12,310,-0.059094782880583854,-0.001553035528885031
902,SPY_RETURN_12M,target,-11,311,0.10192198848276267,0.1124246934241904
903,SPY_RETURN_12M,ipman_change_3m,-11,311,-0.03434198685281346,0.010600560107872628
904,SPY_RETURN_12M,target,-10,312,0.03807720091643334,0.06320058425770314
905,SPY_RETURN_12M,ipman_change_3m,-10,312,0.03340186126201672,0.03462063962562201
906,SPY_RETURN_12M,target,-9,313,-0.03128928000158046,0.024433540295057284
907,SPY_RETURN_12M,ipman_change_3m,-9,313,0.12980699092738796,0.06855743206753565
908,SPY_RETURN_12M,target,-8,314,-0.12667346943935434,-0.038413667745862884
909,SPY_RETURN_12M,ipman_change_3m,-8,314,0.22864561379835815,0.12364323845571683
910,SPY_RETURN_12M,target,-7,315,-0.228326301841238,-0.11510980033424002
911,SPY_RETURN_12M,ipman_change_3m,-7,315,0.27697976147384407,0.18492415429446793
912,SPY_RETURN_12M,target,-6,316,-0.27664355773875404,-0.149315930252295
913,SPY_RETURN_12M,ipman_change_3m,-6,316,0.289696735905116,0.2290650557232037
914,SPY_RETURN_12M,target,-5,317,-0.3224230650484899,-0.20346616540799062
915,SPY_RETURN_12M,ipman_change_3m,-5,317,0.3061716532603723,0.2660205578480485
916,SPY_RETURN_12M,target,-4,318,-0.3623413203674919,-0.24806265707749517
917,SPY_RETURN_12M,ipman_change_3m,-4,318,0.3002640829241287,0.28290281273375467
918,SPY_RETURN_12M,target,-3,319,-0.3981999261609911,-0.2710246491498002
919,SPY_RETURN_12M,ipman_change_3m,-3,319,0.3113404137815396,0.297986041284675
920,SPY_RETURN_12M,target,-2,320,-0.4006171860465149,-0.2767147633652032
921,SPY_RETURN_12M,ipman_change_3m,-2,320,0.31849510259242886,0.27729799607418043
922,SPY_RETURN_12M,target,-1,320,-0.3986378936489074,-0.2976780030140822
923,SPY_RETURN_12M,ipman_change_3m,-1,320,0.3248734154577327,0.28150433597984353
924,SPY_RETURN_12M,target,0,320,-0.43429000234132537,-0.3143088398021929
925,SPY_RETURN_12M,ipman_change_3m,0,320,0.32579639940381405,0.2760642193771424
926,SPY_RETURN_12M,target,1,319,-0.4218677427497892,-0.3146975330283431
927,SPY_RETURN_12M,ipman_change_3m,1,319,0.3242490781939696,0.28025115336842726
928,SPY_RETURN_12M,target,2,318,-0.39528237762913315,-0.2942040045543671
929,SPY_RETURN_12M,ipman_change_3m,2,318,0.30565715872637234,0.29538266400398994
930,SPY_RETURN_12M,target,3,317,-0.3487154431955128,-0.25677855439294145
931,SPY_RETURN_12M,ipman_change_3m,3,317,0.22118367009363468,0.2693649940969457
932,SPY_RETURN_12M,target,4,316,-0.29946932251231856,-0.2333773795355527
933,SPY_RETURN_12M,ipman_change_3m,4,316,0.12005349952740214,0.2127046242367889
934,SPY_RETURN_12M,target,5,315,-0.2509914009205269,-0.2031602073063266
935,SPY_RETURN_12M,ipman_change_3m,5,315,0.0812929714218995,0.15889128206309533
936,SPY_RETURN_12M,target,6,314,-0.22425846950926837,-0.19580899551355574
937,SPY_RETURN_12M,ipman_change_3m,6,314,0.07930713003875414,0.1099287666878884
938,SPY_RETURN_12M,target,7,313,-0.20941887513905963,-0.2186006682019326
939,SPY_RETURN_12M,ipman_change_3m,7,313,0.09880939901599692,0.0944828304110777
940,SPY_RETURN_12M,target,8,312,-0.17878519962645784,-0.21488198647619067
941,SPY_RETURN_12M,ipman_change_3m,8,312,0.08059661325549092,0.07394550119758918
942,SPY_RETURN_12M,target,9,311,-0.12302505255816018,-0.16425685727560285
943,SPY_RETURN_12M,ipman_change_3m,9,311,0.032034887168756576,0.04032617108024224
944,SPY_RETURN_12M,target,10,310,-0.09904975868165422,-0.14350136984398226
945,SPY_RETURN_12M,ipman_change_3m,10,310,-0.02090133974006217,-0.005178732013256491
946,SPY_RETURN_12M,target,11,309,-0.06775892180875645,-0.09982956238422284
947,SPY_RETURN_12M,ipman_change_3m,11,309,-0.05445903039656101,-0.06174993187207406
948,SPY_RETURN_12M,target,12,308,-0.030700518665673814,-0.0644644394802018
949,SPY_RETURN_12M,ipman_change_3m,12,308,-0.07534615574455486,-0.1022039849401413
950,SPY_RETURN_12M,target,13,307,0.00016454555982024592,-0.025467992642403705
951,SPY_RETURN_12M,ipman_change_3m,13,307,-0.10003860403735071,-0.15509472963008122
952,SPY_RETURN_12M,target,14,306,0.03291456283818532,0.0019458835807041551
953,SPY_RETURN_12M,ipman_change_3m,14,306,-0.13266848371034823,-0.21744152565709363
954,SPY_RETURN_12M,target,15,305,0.012425368888290638,-0.011433239009500589
955,SPY_RETURN_12M,ipman_change_3m,15,305,-0.11855848636940108,-0.23877624388840954
956,SPY_RETURN_12M,target,16,304,0.023694821646120596,-0.0027215588284823728
957,SPY_RETURN_12M,ipman_change_3m,16,304,-0.10427548700026648,-0.24451174194209757
958,SPY_RETURN_12M,target,17,303,0.034854123801279266,0.002431431992540561
959,SPY_RETURN_12M,ipman_change_3m,17,303,-0.10449408612542183,-0.22115202109266346
960,SPY_RETURN_12M,target,18,302,0.07022027662454627,0.05086168484105711
961,SPY_RETURN_12M,ipman_change_3m,18,302,-0.12630514940851287,-0.19265160108231016
962,XLI_RETURN_3M,target,-18,304,0.052617973870799827,0.041881766416089844
963,XLI_RETURN_3M,ipman_change_3m,-18,304,-0.07449851619620275,-0.15901767484772636
964,XLI_RETURN_3M,target,-17,305,0.06901004328210313,0.048290391079601175
965,XLI_RETURN_3M,ipman_change_3m,-17,305,-0.016453944299316663,-0.07372946590197771
966,XLI_RETURN_3M,target,-16,306,0.03376073915316376,0.038019571499911954
967,XLI_RETURN_3M,ipman_change_3m,-16,306,-0.016019552373280687,-0.010553913454098465
968,XLI_RETURN_3M,target,-15,307,0.07596722811962148,0.06746784015794666
969,XLI_RETURN_3M,ipman_change_3m,-15,307,-0.04913935961357149,-0.042265233010586524
970,XLI_RETURN_3M,target,-14,308,0.12104015194827013,0.11144197353818794
971,XLI_RETURN_3M,ipman_change_3m,-14,308,-0.0962337424228138,-0.10405053028625971
972,XLI_RETURN_3M,target,-13,309,0.19959665107456806,0.17709793858707776
973,XLI_RETURN_3M,ipman_change_3m,-13,309,-0.13111603024373683,-0.09093268147449168
974,XLI_RETURN_3M,target,-12,310,0.21386009414663001,0.22478946687216855
975,XLI_RETURN_3M,ipman_change_3m,-12,310,-0.13050473400510862,-0.027991899482690732
976,XLI_RETURN_3M,target,-11,311,0.21375866991208314,0.20265646035425489
977,XLI_RETURN_3M,ipman_change_3m,-11,311,-0.10009622218852968,0.006924353522216814
978,XLI_RETURN_3M,target,-10,312,0.20917465330910348,0.22229171014778346
979,XLI_RETURN_3M,ipman_change_3m,-10,312,-0.05221072091330549,-0.05022643957646988
980,XLI_RETURN_3M,target,-9,313,0.14448264242557476,0.1554204486224058
981,XLI_RETURN_3M,ipman_change_3m,-9,313,-0.016261546104644968,-0.04097862821739015
982,XLI_RETURN_3M,target,-8,314,0.11467301551122656,0.1575391991824714
983,XLI_RETURN_3M,ipman_change_3m,-8,314,-0.06392803247010605,-0.07344599262956643
984,XLI_RETURN_3M,target,-7,315,0.05882744363330716,0.12756571156443763
985,XLI_RETURN_3M,ipman_change_3m,-7,315,-0.05447505784708433,-0.010295896154156253
986,XLI_RETURN_3M,target,-6,316,0.02338283677879345,0.092040163113533
987,XLI_RETURN_3M,ipman_change_3m,-6,316,-0.026349255883682646,-0.022936929433754895
988,XLI_RETURN_3M,target,-5,317,-0.02183297893091568,0.04891695265906394
989,XLI_RETURN_3M,ipman_change_3m,-5,317,0.04668090000338642,0.08140526596141429
990,XLI_RETURN_3M,target,-4,318,-0.07123541837902662,0.018908075112846617
991,XLI_RETURN_3M,ipman_change_3m,-4,318,0.044420326053023644,0.07059644718117428
992,XLI_RETURN_3M,target,-3,319,-0.056333407728730515,0.03468553800000033
993,XLI_RETURN_3M,ipman_change_3m,-3,319,0.0673512091407305,0.1073645531436683
994,XLI_RETURN_3M,target,-2,320,-0.12332346498614838,-0.044162558193638485
995,XLI_RETURN_3M,ipman_change_3m,-2,320,0.10785531356213786,0.07053547886209827
996,XLI_RETURN_3M,target,-1,320,-0.1849120847221159,-0.08035908532070295
997,XLI_RETURN_3M,ipman_change_3m,-1,320,0.2364495467252973,0.13635228371370814
998,XLI_RETURN_3M,target,0,320,-0.27204342490113737,-0.16938297636294256
999,XLI_RETURN_3M,ipman_change_3m,0,320,0.3555789336156362,0.17150667975273196
1000,XLI_RETURN_3M,target,1,319,-0.34322764609411915,-0.22650920159514384
1001,XLI_RETURN_3M,ipman_change_3m,1,319,0.4581284750630959,0.27285074229609035
1002,XLI_RETURN_3M,target,2,318,-0.38527112529763125,-0.25342464852740687
1003,XLI_RETURN_3M,ipman_change_3m,2,318,0.4007021777247137,0.28631655191445354
1004,XLI_RETURN_3M,target,3,317,-0.3728774445249906,-0.25720391919867247
1005,XLI_RETURN_3M,ipman_change_3m,3,317,0.25598758867384525,0.298664410421622
1006,XLI_RETURN_3M,target,4,316,-0.30189981165799656,-0.22254912505160765
1007,XLI_RETURN_3M,ipman_change_3m,4,316,0.0962461374630199,0.21582991540265029
1008,XLI_RETURN_3M,target,5,315,-0.23972541592255692,-0.17996644156733793
1009,XLI_RETURN_3M,ipman_change_3m,5,315,0.031464979512713466,0.15648556608808162
1010,XLI_RETURN_3M,target,6,314,-0.23914895698851688,-0.18688896779728797
1011,XLI_RETURN_3M,ipman_change_3m,6,314,0.05755074562822736,0.10405335085337528
1012,XLI_RETURN_3M,target,7,313,-0.19047796210532628,-0.16105895792126518
1013,XLI_RETURN_3M,ipman_change_3m,7,313,0.08021260860829155,0.10558862801389408
1014,XLI_RETURN_3M,target,8,312,-0.14835542562202364,-0.16533853996612913
1015,XLI_RETURN_3M,ipman_change_3m,8,312,0.06335594318648781,0.08787918059771198
1016,XLI_RETURN_3M,target,9,311,-0.12112742051660455,-0.1546204549821008
1017,XLI_RETURN_3M,ipman_change_3m,9,311,0.039333223857658105,0.10645799589892527
1018,XLI_RETURN_3M,target,10,310,-0.12673821740838243,-0.14438174634609258
1019,XLI_RETURN_3M,ipman_change_3m,10,310,0.0399150979290991,0.11913017120449375
1020,XLI_RETURN_3M,target,11,309,-0.1117637252445986,-0.11678731670355169
1021,XLI_RETURN_3M,ipman_change_3m,11,309,0.10031299876757888,0.18364807757228677
1022,XLI_RETURN_3M,target,12,308,-0.024199972158800143,-0.04016060482559698
1023,XLI_RETURN_3M,ipman_change_3m,12,308,0.04294873840921038,0.13561799511010478
1024,XLI_RETURN_3M,target,13,307,0.008331318757862392,-0.009085073398752199
1025,XLI_RETURN_3M,ipman_change_3m,13,307,-0.05189015188699841,0.05374800201395335
1026,XLI_RETURN_3M,target,14,306,0.02614166556474343,0.01092688472241564
1027,XLI_RETURN_3M,ipman_change_3m,14,306,-0.13795702934427798,-0.08357839210869909
1028,XLI_RETURN_3M,target,15,305,-0.014211879495791878,-0.022415165952836682
1029,XLI_RETURN_3M,ipman_change_3m,15,305,-0.1002529289343211,-0.11500109966333384
1030,XLI_RETURN_3M,target,16,304,-0.04351876751134729,-0.05790872396159715
1031,XLI_RETURN_3M,ipman_change_3m,16,304,0.019278028514476107,-0.08703944164908294
1032,XLI_RETURN_3M,target,17,303,-0.03993269180283564,-0.052275787839622063
1033,XLI_RETURN_3M,ipman_change_3m,17,303,0.046242040790516754,-0.034104752406227026
1034,XLI_RETURN_3M,target,18,302,-0.0003227913552041395,-0.0003054755846309736
1035,XLI_RETURN_3M,ipman_change_3m,18,302,0.014685047096626293,-0.03230004415591941
1036,XLI_RETURN_12M,target,-18,304,0.25171030943108696,0.2381363974922076
1037,XLI_RETURN_12M,ipman_change_3m,-18,304,-0.14566882939979584,-0.10794556591120717
1038,XLI_RETURN_12M,target,-17,305,0.2607730756365007,0.25198257027517745
1039,XLI_RETURN_12M,ipman_change_3m,-17,305,-0.15058776571921922,-0.09592617029555567
1040,XLI_RETURN_12M,target,-16,306,0.2501386670716112,0.23934368042661108
1041,XLI_RETURN_12M,ipman_change_3m,-16,306,-0.14143661667573004,-0.04291193275516005
1042,XLI_RETURN_12M,target,-15,307,0.23404187131350626,0.20806307439437413
1043,XLI_RETURN_12M,ipman_change_3m,-15,307,-0.12506126274211846,-0.022042337811642276
1044,XLI_RETURN_12M,target,-14,308,0.21684365996651567,0.17901848940708914
1045,XLI_RETURN_12M,ipman_change_3m,-14,308,-0.12276707838418381,0.024578438543841282
1046,XLI_RETURN_12M,target,-13,309,0.20073988709104776,0.15379945873965203
1047,XLI_RETURN_12M,ipman_change_3m,-13,309,-0.11514784828103321,0.030140201170580125
1048,XLI_RETURN_12M,target,-12,310,0.1796999995775001,0.12780132222301488
1049,XLI_RETURN_12M,ipman_change_3m,-12,310,-0.06756235501183724,0.08043177247656902
1050,XLI_RETURN_12M,target,-11,311,0.10900018475482191,0.08117938901798682
1051,XLI_RETURN_12M,ipman_change_3m,-11,311,-0.012318794333080172,0.11194697326322677
1052,XLI_RETURN_12M,target,-10,312,0.018840451202556115,0.010896652458224678
1053,XLI_RETURN_12M,ipman_change_3m,-10,312,0.09631660070413225,0.14392603790403324
1054,XLI_RETURN_12M,target,-9,313,-0.07150682625984216,-0.043228571291255194
1055,XLI_RETURN_12M,ipman_change_3m,-9,313,0.21836867888040434,0.17460157819023125
1056,XLI_RETURN_12M,target,-8,314,-0.18412137755736424,-0.102148704492744
1057,XLI_RETURN_12M,ipman_change_3m,-8,314,0.3184347827133412,0.22267915163460636
1058,XLI_RETURN_12M,target,-7,315,-0.2930450263282255,-0.18010961296078848
1059,XLI_RETURN_12M,ipman_change_3m,-7,315,0.3466945033378838,0.2735186955536871
1060,XLI_RETURN_12M,target,-6,316,-0.33552336805583227,-0.21571022748280025
1061,XLI_RETURN_12M,ipman_change_3m,-6,316,0.3388054407667074,0.30131906454232055
1062,XLI_RETURN_12M,target,-5,317,-0.3800921927058514,-0.27407672315933507
1063,XLI_RETURN_12M,ipman_change_3m,-5,317,0.34999038328836984,0.32815481899434856
1064,XLI_RETURN_12M,target,-4,318,-0.41592212410663304,-0.3114188192093469
1065,XLI_RETURN_12M,ipman_change_3m,-4,318,0.3410806658200014,0.3256726956280965
1066,XLI_RETURN_12M,target,-3,319,-0.4417176931277496,-0.3342169248583028
1067,XLI_RETURN_12M,ipman_change_3m,-3,319,0.3431874267171757,0.334914162772816
1068,XLI_RETURN_12M,target,-2,320,-0.4391335052901926,-0.33233722590022885
1069,XLI_RETURN_12M,ipman_change_3m,-2,320,0.33639729290895776,0.29553767614918114
1070,XLI_RETURN_12M,target,-1,320,-0.42860906972517754,-0.33429379493412426
1071,XLI_RETURN_12M,ipman_change_3m,-1,320,0.32547110810815943,0.28662694459906835
1072,XLI_RETURN_12M,target,0,320,-0.45911907345807623,-0.34281884572466836
1073,XLI_RETURN_12M,ipman_change_3m,0,320,0.3165390399079357,0.2628629185831893
1074,XLI_RETURN_12M,target,1,319,-0.4373751989015888,-0.34404683441295875
1075,XLI_RETURN_12M,ipman_change_3m,1,319,0.30348714557869133,0.2734747441887975
1076,XLI_RETURN_12M,target,2,318,-0.39889089266607164,-0.3183329660789699
1077,XLI_RETURN_12M,ipman_change_3m,2,318,0.27619380937677135,0.28620609424091975
1078,XLI_RETURN_12M,target,3,317,-0.3381014549668138,-0.2684051924162552
1079,XLI_RETURN_12M,ipman_change_3m,3,317,0.18019030316778015,0.2619874947166346
1080,XLI_RETURN_12M,target,4,316,-0.2753896022501771,-0.23024288481651597
1081,XLI_RETURN_12M,ipman_change_3m,4,316,0.0685608147450708,0.19063477485391792
1082,XLI_RETURN_12M,target,5,315,-0.2190215768053332,-0.19442675230584322
1083,XLI_RETURN_12M,ipman_change_3m,5,315,0.020094114719892395,0.12946867693300007
1084,XLI_RETURN_12M,target,6,314,-0.18741271633401876,-0.1771057115923491
1085,XLI_RETURN_12M,ipman_change_3m,6,314,0.01953630910312936,0.08193468551621622
1086,XLI_RETURN_12M,target,7,313,-0.17071666763001375,-0.18216722350161052
1087,XLI_RETURN_12M,ipman_change_3m,7,313,0.05254665675154215,0.08098712809137912
1088,XLI_RETURN_12M,target,8,312,-0.13754521179924087,-0.16446680776947115
1089,XLI_RETURN_12M,ipman_change_3m,8,312,0.04859296011252524,0.08375617068589342
1090,XLI_RETURN_12M,target,9,311,-0.08436404105109357,-0.1192869799059267
1091,XLI_RETURN_12M,ipman_change_3m,9,311,0.01268184331183518,0.06281665642727773
1092,XLI_RETURN_12M,target,10,310,-0.06277404141111345,-0.09346663864071238
1093,XLI_RETURN_12M,ipman_change_3m,10,310,-0.03751304203449603,0.03214366636019508
1094,XLI_RETURN_12M,target,11,309,-0.028032747726766158,-0.04187828023208166
1095,XLI_RETURN_12M,ipman_change_3m,11,309,-0.06385327889215663,-0.023276566840613192
1096,XLI_RETURN_12M,target,12,308,-0.0006980296542255602,-0.019265234787186745
1097,XLI_RETURN_12M,ipman_change_3m,12,308,-0.07995566646839819,-0.05376790124268066
1098,XLI_RETURN_12M,target,13,307,0.02028768038540266,0.006404232067972862
1099,XLI_RETURN_12M,ipman_change_3m,13,307,-0.09639833842097217,-0.09773231175798718
1100,XLI_RETURN_12M,target,14,306,0.05060440725152459,0.04565342247036672
1101,XLI_RETURN_12M,ipman_change_3m,14,306,-0.13290229180654783,-0.16733457092988313
1102,XLI_RETURN_12M,target,15,305,0.022323153034527136,0.02256560330822485
1103,XLI_RETURN_12M,ipman_change_3m,15,305,-0.11519477581412892,-0.19124879459980715
1104,XLI_RETURN_12M,target,16,304,0.025788483704296025,0.02237726147863284
1105,XLI_RETURN_12M,ipman_change_3m,16,304,-0.0948497490221164,-0.20305999538694164
1106,XLI_RETURN_12M,target,17,303,0.029781389758326532,0.020059313938459628
1107,XLI_RETURN_12M,ipman_change_3m,17,303,-0.08151258393445271,-0.17098619935189754
1108,XLI_RETURN_12M,target,18,302,0.05554920997104633,0.050556209256426135
1109,XLI_RETURN_12M,ipman_change_3m,18,302,-0.0996956065849052,-0.15260368526566853
