,ipman_change_1m_pct,ipman_change_3m_pct,ipman_change_6m_pct,FEDFUNDS,YC_SPREAD,CPIAUCSL,CPI_YOY,UNRATE,ICSA,VIXCLS,CREDIT_SPREAD,SPY_RETURN_3M,SPY_RETURN_12M,XLI_RETURN_3M,XLI_RETURN_12M
ipman_change_1m_pct,1.0,0.5337656389885242,0.37988184345898274,-0.009533611629831113,0.024714346740195882,-0.004389877228350195,0.009837183105730238,-0.006623766178406295,-0.3500832062820553,-0.21610249028037956,-0.22423028604295653,0.2879758328559701,0.22028083485517297,0.3035598973808261,0.20945689300194742
ipman_change_3m_pct,0.5337656389885242,1.0,0.6420449843162942,0.007447241773084335,0.018915170244317683,-0.012004258000337342,0.05650309262288925,-0.07881750348086873,-0.3110770137937919,-0.2907173373613759,-0.3581261203291927,0.30139418049067124,0.32579639940381405,0.3555789336156362,0.3165390399079356
ipman_change_6m_pct,0.37988184345898274,0.6420449843162942,1.0,0.04766502140005976,0.008917556216651449,-0.03493512881121786,0.14024836380422837,-0.13611145210594275,-0.30376073685147875,-0.3481692248770284,-0.4768219766631255,0.21444801424366636,0.4578550584039485,0.2972465097674346,0.47904750006492064
FEDFUNDS,-0.009533611629831113,0.007447241773084335,0.04766502140005976,1.0,-0.7225110542595956,0.08018275925101602,0.3325522759523678,-0.608503366899898,-0.1967663607676307,-0.1700541946120379,-0.4716332485641383,-0.05177959184171633,-0.03491762321724274,-0.003916581159387676,0.009623535610365061
YC_SPREAD,0.024714346740195882,0.018915170244317683,0.008917556216651449,-0.7225110542595956,1.0,-0.43082896984221936,-0.42259427300901886,0.692367751115584,0.1083160284174071,0.23845508052860792,0.550771268189254,-0.017607792768222896,-0.07008358660167227,0.0080763865411501,0.013974122613995374
CPIAUCSL,-0.004389877228350195,-0.012004258000337342,-0.03493512881121786,0.08018275925101602,-0.43082896984221936,1.0,0.2716889874048007,-0.27008917291211587,-0.08085007832470513,-0.15032095193144096,-0.38880399449199254,0.1905350926550328,0.34178029491056,0.12464345823595037,0.23624628088524102
CPI_YOY,0.009837183105730238,0.05650309262288925,0.14024836380422837,0.3325522759523678,-0.42259427300901886,0.2716889874048007,1.0,-0.4382964069168062,-0.1984813138734117,-0.011727206790550095,-0.3787109758266469,-0.15403987661724614,0.08023524661639336,-0.10873580848260578,0.1365794886371103
UNRATE,-0.006623766178406295,-0.07881750348086873,-0.13611145210594275,-0.608503366899898,0.692367751115584,-0.27008917291211587,-0.4382964069168062,1.0,0.3646085989530247,0.3074124312026046,0.5241748834625456,0.10218316645626337,-0.021633640608774825,0.0665879457020658,-0.04180589574616615
ICSA,-0.3500832062820553,-0.3110770137937919,-0.30376073685147875,-0.1967663607676307,0.1083160284174071,-0.08085007832470513,-0.1984813138734117,0.3646085989530247,1.0,0.4144748109036352,0.2976883081158959,-0.14686248548181602,-0.13093099273625003,-0.19968001265566934,-0.19852180932957797
VIXCLS,-0.21610249028037956,-0.2907173373613759,-0.3481692248770284,-0.1700541946120379,0.23845508052860792,-0.15032095193144096,-0.011727206790550095,0.3074124312026046,0.4144748109036352,1.0,0.6959997352488033,-0.5770085879765605,-0.5847195706892242,-0.5288974448433599,-0.5782955327269617
CREDIT_SPREAD,-0.22423028604295653,-0.3581261203291927,-0.4768219766631255,-0.4716332485641383,0.550771268189254,-0.38880399449199254,-0.3787109758266469,0.5241748834625456,0.2976883081158959,0.6959997352488033,1.0,-0.41633480774696136,-0.6522746677186666,-0.3883259898021005,-0.6153869172144719
SPY_RETURN_3M,0.2879758328559701,0.30139418049067124,0.21444801424366636,-0.05177959184171633,-0.017607792768222896,0.1905350926550328,-0.15403987661724614,0.10218316645626337,-0.14686248548181602,-0.5770085879765605,-0.41633480774696136,1.0,0.49004685224207856,0.8967131305881793,0.40873301178680643
SPY_RETURN_12M,0.22028083485517297,0.32579639940381405,0.4578550584039485,-0.03491762321724274,-0.07008358660167227,0.34178029491056,0.08023524661639336,-0.021633640608774825,-0.13093099273625003,-0.5847195706892242,-0.6522746677186666,0.49004685224207856,1.0,0.44107949800167834,0.9242079679551487
XLI_RETURN_3M,0.3035598973808261,0.3555789336156362,0.2972465097674346,-0.003916581159387676,0.0080763865411501,0.12464345823595037,-0.10873580848260578,0.0665879457020658,-0.19968001265566934,-0.5288974448433599,-0.3883259898021005,0.8967131305881793,0.44107949800167834,1.0,0.44151633897173037
XLI_RETURN_12M,0.20945689300194742,0.3165390399079356,0.47904750006492064,0.009623535610365061,0.013974122613995374,0.23624628088524102,0.1365794886371103,-0.04180589574616615,-0.19852180932957797,-0.5782955327269617,-0.6153869172144719,0.40873301178680643,0.9242079679551487,0.44151633897173037,1.0
