,series_id,regime,months,mean,median,std
0,ipman_change_1m_pct,no_stress,300,0.148637846147753,0.06800489640652607,0.618667900040921
1,ipman_change_1m_pct,stress,20,-1.7298039282022266,-1.1812055570873559,4.289818864939371
2,ipman_change_3m_pct,no_stress,300,0.4799472568834384,0.29897728989450867,1.584920429488408
3,ipman_change_3m_pct,stress,20,-5.527493749886937,-4.645435857850266,4.511106327479949
4,ipman_change_6m_pct,no_stress,300,0.7891855800073515,0.6221550630042927,2.1522510884330046
5,ipman_change_6m_pct,stress,20,-8.352793019136653,-8.43529772117863,4.842207763426674
6,FEDFUNDS,no_stress,300,2.1259666666666663,1.53,2.0465883346667946
7,FEDFUNDS,stress,20,0.8859999999999999,0.215,1.1094303896476263
8,YC_SPREAD,no_stress,300,1.0156333333333334,0.945,0.966351929887284
9,YC_SPREAD,stress,20,1.462,1.4849999999999999,0.8174131210876884
10,CPIAUCSL,no_stress,299,236.02372575250834,233.456,44.41593514687624
11,CPIAUCSL,stress,20,229.82755000000003,217.22899999999998,25.198767005080143
12,CPI_YOY,no_stress,299,2.6593451140011646,2.4709963021052994,1.6459534752832323
13,CPI_YOY,stress,20,1.8415411698848572,0.9082868768998664,2.509132148988838
14,UNRATE,no_stress,299,5.466220735785954,4.9,1.771671971690381
15,UNRATE,stress,20,7.749999999999998,7.05,2.84983840723793
16,ICSA,no_stress,300,327880.0,312000.0,122094.48175456739
17,ICSA,stress,20,1040800.0,600500.0,1356271.498980705
18,VIXCLS,no_stress,300,18.774733333333334,17.07,6.120017672900212
19,VIXCLS,stress,20,35.29,32.29,12.234243572427095
20,CREDIT_SPREAD,no_stress,300,2.3442333333333334,2.28,0.5546450962837958
21,CREDIT_SPREAD,stress,20,4.037000000000001,3.785,1.2737226831945054
22,SPY_RETURN_3M,no_stress,300,2.7525784904903854,3.5026090249230535,6.4075508003239925
23,SPY_RETURN_3M,stress,20,-4.298747462643152,-7.792884218527634,15.019439482021662
24,SPY_RETURN_12M,no_stress,300,11.57698533967373,13.666800128881306,14.493724902563065
25,SPY_RETURN_12M,stress,20,-18.02432517062333,-20.271759868309438,20.351240356939766
26,XLI_RETURN_3M,no_stress,300,3.2218009240990626,3.8807504566830575,7.446874149634055
27,XLI_RETURN_3M,stress,20,-6.712318095211077,-8.919550114656154,18.596553889826527
28,XLI_RETURN_12M,no_stress,300,12.851542327779184,13.4933729277539,16.389873390072342
29,XLI_RETURN_12M,stress,20,-22.626010798928696,-21.568744760823716,20.56971097929642
