,series_id,description,source,units,frequency,n_obs,start,end
0,CPIAUCSL,Consumer Price Index for All Urban Consumers,FRED (CPIAUCSL),Index,MS,955,1947-01-01,2026-08-01
1,CPI_YOY,Consumer Price Index year-over-year change,Derived from FRED (CPIAUCSL),Percent,MS,943,1948-01-01,2026-08-01
2,CREDIT_SPREAD,Moody's Baa corporate bond yield minus 10-year Treasury yield (credit-spread proxy),FRED (BAA10Y),Percentage points,MS,489,1986-01-01,2026-09-01
3,FEDFUNDS,Effective federal funds rate,FRED (FEDFUNDS),Percent,MS,866,1954-07-01,2026-08-01
4,ICSA,Initial claims for unemployment insurance,FRED (ICSA),Number,MS,717,1967-01-01,2026-09-01
5,SPY_RETURN_12M,SPY trailing 12-month adjusted-close return,"Yahoo Finance (SPY), derived",Percent,MS,334,1999-01-01,2026-10-01
6,SPY_RETURN_3M,SPY trailing 3-month adjusted-close return,"Yahoo Finance (SPY), derived",Percent,MS,343,1998-04-01,2026-10-01
7,UNRATE,U.S. unemployment rate,FRED (UNRATE),Percent,MS,943,1948-01-01,2026-08-01
8,VIXCLS,CBOE volatility index,FRED (VIXCLS),Index,MS,441,1990-01-01,2026-09-01
9,XLI_RETURN_12M,XLI trailing 12-month adjusted-close return,"Yahoo Finance (XLI), derived",Percent,MS,323,1999-12-01,2026-10-01
10,XLI_RETURN_3M,XLI trailing 3-month adjusted-close return,"Yahoo Finance (XLI), derived",Percent,MS,332,1999-03-01,2026-10-01
11,YC_SPREAD,10-year minus 2-year Treasury yield spread,FRED (DGS10 minus DGS2),Percentage points,MS,604,1976-06-01,2026-09-01
12,fed_funds_rate_pct,Month-end effective federal funds rate,"FRED (FEDFUNDS), derived monthly",Percent,MS,866,1954-07-01,2026-08-01
13,ipman_change_1m_pct,Trailing 1-month percentage change in IPMAN,Derived from FRED IPMAN,Percent,MS,655,1972-02-01,2026-08-01
14,ipman_change_3m_pct,Trailing 3-month percentage change in IPMAN,Derived from FRED IPMAN,Percent,MS,653,1972-04-01,2026-08-01
15,ipman_change_6m_pct,Trailing 6-month percentage change in IPMAN,Derived from FRED IPMAN,Percent,MS,650,1972-07-01,2026-08-01
16,ipman_us_manufacturing_production,U.S. manufacturing industrial production index (IPMAN),FRED (IPMAN),Index,MS,656,1972-01-01,2026-08-01
17,manufacturing_stress,Binary U.S. manufacturing stress label: 1 when trailing 3-month IPMAN change is at or below -2.0%,Derived from FRED IPMAN,"Binary event (0=no stress, 1=stress)",MS,653,1972-04-01,2026-08-01
18,treasury_10y_minus_2y_pct_points,Month-end 10-year minus 2-year Treasury yield spread,"FRED (DGS10 minus DGS2), derived monthly",Percentage points,MS,604,1976-06-01,2026-09-01
