,count,mean,std,min,5%,25%,50%,75%,95%,max
ipman_change_1m_pct,320.0,0.03123523525087929,1.2892743017156176,-15.371556283705957,-0.9729159598537085,-0.3093564121659842,0.043088583236861044,0.4837519667045209,1.1637758307417512,7.858988928367627
ipman_change_3m_pct,320.0,0.10448219396029004,2.3849098797521755,-19.01307109340218,-2.179607462268447,-0.465315144030784,0.22181753928502967,0.9332415934250882,2.2104496213519425,16.81344675032277
ipman_change_6m_pct,320.0,0.21781191756085105,3.263535365093738,-18.58538529843845,-4.273020196627525,-0.5308504234802558,0.47502110774468864,1.607360786897416,3.461830098755522,19.67475052812029
FEDFUNDS,320.0,2.04846875,2.0222763716065884,0.05,0.08,0.15,1.375,3.895,5.33,6.54
YC_SPREAD,321.0,1.0409034267912771,0.96234940056586,-1.06,-0.3899999999999997,0.22000000000000064,0.9900000000000002,1.87,2.54,2.84
CPIAUCSL,319.0,235.63525078369906,43.46151800025622,169.3,177.21,202.4,232.282,256.736,319.8367,334.131
CPI_YOY,319.0,2.6080721394484185,1.718825753585582,-1.9587610037622771,0.03241419258328327,1.6618436137341597,2.420260782347028,3.3404339383611203,5.985542903353175,8.979361103105798
UNRATE,319.0,5.609404388714734,1.932388448482793,3.4,3.6,4.2,5.0,6.2,9.5,14.8
ICSA,321.0,371887.85046728974,391184.099732054,190000.0,207000.0,237000.0,318000.0,392000.0,620000.0,5946000.0
VIXCLS,321.0,19.7895015576324,7.743576797951889,9.51,11.57,14.21,17.52,23.54,33.4,59.89
CREDIT_SPREAD,321.0,2.4469781931464176,0.7447557671129342,1.42,1.59,1.87,2.31,2.86,3.45,6.1
SPY_RETURN_3M,322.0,2.3150884658168396,7.3825715997082035,-29.644011395465753,-11.352583973519632,-1.475517434709675,3.0502744084196842,7.009729191896458,12.891172962607488,26.054705724712115
SPY_RETURN_12M,322.0,9.758944553635292,16.478377585066536,-43.424418557066005,-22.328992068296202,2.680612501615748,12.900244465959254,19.229841615596378,32.253588643980024,56.23113123462973
XLI_RETURN_3M,322.0,2.53862803197189,8.862384067929405,-34.025244291655746,-12.79416538731909,-2.4292257524111074,3.545513701566838,8.112924976970021,15.493408826709134,32.78905137233576
XLI_RETURN_12M,322.0,10.63137459343425,18.67579116307224,-51.67091651730529,-21.857337516928737,1.554410265352879,12.514602809073004,21.92237383425188,36.620484762757535,73.44763956813587
