origin_id,as_of,forecast_date,anchor,adaptive_agent,outcome,outcome_released_at,status,signals,historical_frequency,agent_probability,validation_status,rationale,direction
origin-001,2006-01-01,2006-04-01T00:00:00,0.05185185185185185,0.045,0.0,2006-05-01T00:00:00,agent,"{'ipman_change_3m_pct': 2.649, 'ipman_change_6m_pct': 1.661, 'YC_SPREAD': 0.07, 'CREDIT_SPREAD': 1.89, 'VIXCLS': 12.06, 'XLI_RETURN_3M': 6.058}",0.05185185185185185,0.045,passed,"IPMAN shows positive momentum with a 2.65% three-month growth rate. Favorable XLI returns and low VIX suggest stable manufacturing conditions, justifying a slight downward adjustment from the base rate.",down
origin-002,2006-04-01,2006-07-01T00:00:00,0.051470588235294115,0.055,0.0,2006-08-01T00:00:00,agent,"{'ipman_change_3m_pct': 0.436, 'ipman_change_6m_pct': 3.097, 'YC_SPREAD': -0.14, 'CREDIT_SPREAD': 1.65, 'VIXCLS': 12.34, 'XLI_RETURN_3M': 3.895}",0.051470588235294115,0.055,passed,"The 3-month IPMAN trend remains positive, and financial conditions are stable. A slight upward adjustment reflects the recent 1-month IPMAN decline, though overall momentum remains resilient against the stress threshold.",up
origin-003,2006-07-01,2006-10-01T00:00:00,0.051094890510948905,0.045,0.0,2006-11-01T00:00:00,agent,"{'ipman_change_3m_pct': 0.483, 'ipman_change_6m_pct': 0.922, 'YC_SPREAD': 0.08, 'CREDIT_SPREAD': 1.66, 'VIXCLS': 16.44, 'XLI_RETURN_3M': 4.855}",0.051094890510948905,0.045,passed,"IPMAN shows positive momentum over 1m and 3m horizons. Macro indicators, including XLI returns and stable unemployment, suggest a resilient manufacturing sector, justifying a slight downward adjustment from the historical base rate.",down
origin-004,2006-10-01,2007-01-01T00:00:00,0.050724637681159424,0.055,0.0,2007-02-01T00:00:00,agent,"{'ipman_change_3m_pct': 0.657, 'ipman_change_6m_pct': 1.144, 'YC_SPREAD': -0.05, 'CREDIT_SPREAD': 1.73, 'VIXCLS': 12.31, 'XLI_RETURN_3M': -4.737}",0.050724637681159424,0.055,passed,"IPMAN trends remain positive and stable. While the XLI 3-month return is negative, broader macro indicators like low VIX and stable CPI suggest low immediate risk of a manufacturing contraction.",neutral
origin-005,2007-01-01,2007-04-01T00:00:00,0.050359712230215826,0.045,0.0,2007-05-01T00:00:00,agent,"{'ipman_change_3m_pct': 1.161, 'ipman_change_6m_pct': 1.826, 'YC_SPREAD': -0.11, 'CREDIT_SPREAD': 1.64, 'VIXCLS': 11.56, 'XLI_RETURN_3M': 5.858}",0.050359712230215826,0.045,passed,"IPMAN shows positive momentum with a 1.16% three-month growth rate. Macro indicators, including stable equity returns and low volatility, suggest a low risk of manufacturing stress in the near term.",down
origin-006,2007-04-01,2007-07-01T00:00:00,0.05,0.05,0.0,2007-08-01T00:00:00,agent,"{'ipman_change_3m_pct': 0.861, 'ipman_change_6m_pct': 2.032, 'YC_SPREAD': -0.09, 'CREDIT_SPREAD': 1.6, 'VIXCLS': 15.42, 'XLI_RETURN_3M': 1.44}",0.05,0.05,passed,"IPMAN trends remain positive, showing no signs of the 2% decline threshold. Macro indicators, including stable unemployment and positive equity returns, suggest continued manufacturing stability, justifying maintaining the base rate anchor.",neutral
origin-007,2007-07-01,2007-10-01T00:00:00,0.04964539007092199,0.045,0.0,2007-11-01T00:00:00,agent,"{'ipman_change_3m_pct': 1.11, 'ipman_change_6m_pct': 1.981, 'YC_SPREAD': -0.02, 'CREDIT_SPREAD': 1.6, 'VIXCLS': 13.05, 'XLI_RETURN_3M': 10.964}",0.04964539007092199,0.045,passed,"IPMAN shows positive momentum with a 1.11% three-month growth rate. Macro indicators like strong equity returns and stable credit spreads suggest low near-term stress risk, justifying a slight downward adjustment from the anchor.",down
origin-008,2007-10-01,2008-01-01T00:00:00,0.04929577464788732,0.045,0.0,2008-02-01T00:00:00,agent,"{'ipman_change_3m_pct': 0.167, 'ipman_change_6m_pct': 1.279, 'YC_SPREAD': 0.62, 'CREDIT_SPREAD': 2.0, 'VIXCLS': 18.0, 'XLI_RETURN_3M': 5.757}",0.04929577464788732,0.045,passed,"IPMAN shows positive growth over 1, 3, and 6 months, indicating no immediate stress. Macro indicators like XLI returns and stable credit spreads support a low-stress outlook, justifying a slight downward adjustment from the anchor.",down
origin-009,2008-01-01,2008-04-01T00:00:00,0.04895104895104895,0.065,1.0,2008-05-01T00:00:00,agent,"{'ipman_change_3m_pct': 0.559, 'ipman_change_6m_pct': 0.727, 'YC_SPREAD': 0.99, 'CREDIT_SPREAD': 2.52, 'VIXCLS': 22.5, 'XLI_RETURN_3M': -4.218}",0.04895104895104895,0.065,passed,"IPMAN remains stable with positive growth. However, negative 3-month equity returns (SPY and XLI) and elevated credit spreads suggest rising financial headwinds, warranting a slight upward adjustment to the base probability of stress.",up
origin-010,2008-04-01,2008-07-01T00:00:00,0.04861111111111111,0.075,1.0,2008-08-01T00:00:00,agent,"{'ipman_change_3m_pct': -1.38, 'ipman_change_6m_pct': -0.829, 'YC_SPREAD': 1.83, 'CREDIT_SPREAD': 3.45, 'VIXCLS': 25.61, 'XLI_RETURN_3M': -4.07}",0.04861111111111111,0.075,passed,"IPMAN is trending downward (-1.38% over 3 months), approaching the -2% stress threshold. Negative equity returns (SPY -9.29%) and elevated credit spreads suggest tightening financial conditions, increasing the risk of manufacturing stress.",up
origin-011,2008-07-01,2008-10-01T00:00:00,0.021027986322537655,0.051027986322537654,1.0,2008-11-01T00:00:00,agent,"{'ipman_change_3m_pct': -2.17, 'ipman_change_6m_pct': -3.52, 'YC_SPREAD': 1.36, 'CREDIT_SPREAD': 3.05, 'VIXCLS': 23.95, 'XLI_RETURN_3M': -8.638}",0.052873563218390804,0.085,clamped,"The 3-month IPMAN decline of 2.17% already meets the stress threshold. Elevated credit spreads (3.05) and VIX (23.95) suggest heightened financial risk, justifying an upward adjustment from the anchor to reflect current manufacturing contraction.",up
origin-012,2008-10-01,2009-01-01T00:00:00,0.05922524406847449,0.08922524406847449,1.0,2009-02-01T00:00:00,agent,"{'ipman_change_3m_pct': -5.751, 'ipman_change_6m_pct': -7.796, 'YC_SPREAD': 1.85, 'CREDIT_SPREAD': 4.0, 'VIXCLS': 39.39, 'XLI_RETURN_3M': -8.943}",0.0593607305936073,0.75,clamped,"IPMAN is in a sharp decline (-5.75% over 3 months). High credit spreads (4.0) and elevated VIX (39.39) strongly signal systemic stress, consistent with historical patterns where the anchor significantly under-forecasts risk.",up
origin-013,2009-01-01,2009-04-01T00:00:00,0.10708021024584398,0.137080210245844,1.0,2009-05-01T00:00:00,agent,"{'ipman_change_3m_pct': -6.403, 'ipman_change_6m_pct': -11.786, 'YC_SPREAD': 1.49, 'CREDIT_SPREAD': 5.82, 'VIXCLS': 40.0, 'XLI_RETURN_3M': -23.222}",0.06575963718820861,0.85,clamped,"IPMAN is in sharp decline (-6.4% over 3 months). High credit spreads (5.82) and VIX (40.0) strongly signal systemic stress, confirming the hypothesis that the anchor significantly under-forecasts risk in these conditions.",up
origin-014,2009-04-01,2009-07-01T00:00:00,0.15715230886801074,0.18715230886801074,0.0,2009-08-01T00:00:00,agent,"{'ipman_change_3m_pct': -4.962, 'ipman_change_6m_pct': -11.048, 'YC_SPREAD': 1.9, 'CREDIT_SPREAD': 5.74, 'VIXCLS': 44.14, 'XLI_RETURN_3M': -20.548}",0.07207207207207207,0.18715230886801074,passed,"The 3-month IPMAN decline of 4.96% signals significant stress. High credit spreads (5.74) and VIX (44.14) confirm elevated risk, triggering a +0.03 calibration adjustment to the 0.157 anchor.",up
origin-015,2009-07-01,2009-10-01T00:00:00,0.15922740961113643,0.1892,0.0,2009-11-01T00:00:00,agent,"{'ipman_change_3m_pct': -2.087, 'ipman_change_6m_pct': -6.946, 'YC_SPREAD': 2.42, 'CREDIT_SPREAD': 3.64, 'VIXCLS': 26.35, 'XLI_RETURN_3M': 19.95}",0.07829977628635347,0.1892,passed,"The 3-month IPMAN decline meets the stress threshold. High credit spreads (3.64) and VIX (26.35) trigger a +0.03 calibration adjustment to the 0.1592 anchor, reflecting elevated systemic risk and manufacturing vulnerability.",up
origin-016,2009-10-01,2010-01-01T00:00:00,0.12129359287483345,0.15129359287483346,0.0,2010-02-01T00:00:00,agent,"{'ipman_change_3m_pct': 3.936, 'ipman_change_6m_pct': 1.766, 'YC_SPREAD': 2.36, 'CREDIT_SPREAD': 2.86, 'VIXCLS': 25.61, 'XLI_RETURN_3M': 20.581}",0.07777777777777778,0.15129359287483346,clamped,"The anchor is adjusted upward by 0.03 due to the confirmed calibration rule (CREDIT_SPREAD > 2.0 and VIXCLS > 20), reflecting elevated financial stress despite positive recent IPMAN growth trends.",up
origin-017,2010-01-01,2010-04-01T00:00:00,0.12003812713452548,0.15003812713452547,0.0,2010-05-01T00:00:00,agent,"{'ipman_change_3m_pct': 1.116, 'ipman_change_6m_pct': 5.096, 'YC_SPREAD': 2.71, 'CREDIT_SPREAD': 2.54, 'VIXCLS': 21.68, 'XLI_RETURN_3M': 6.19}",0.0772626931567329,0.15003812713452547,passed,"The anchor is adjusted upward by 0.03 due to the confirmed calibration correction (CREDIT_SPREAD > 2.0 and VIXCLS > 20), reflecting elevated financial market stress despite stable recent IPMAN growth.",up
origin-018,2010-04-01,2010-07-01T00:00:00,0.1051596632725696,0.1051596632725696,0.0,2010-08-01T00:00:00,agent,"{'ipman_change_3m_pct': 2.552, 'ipman_change_6m_pct': 3.697, 'YC_SPREAD': 2.82, 'CREDIT_SPREAD': 2.47, 'VIXCLS': 17.59, 'XLI_RETURN_3M': 12.8}",0.07675438596491228,0.1051596632725696,passed,"IPMAN shows consistent growth (1.3% 1m, 2.5% 3m), indicating no immediate stress. Macro indicators like low VIX and strong XLI returns support stability. No calibration adjustments are triggered by current credit and volatility levels.",down
origin-019,2010-07-01,2010-10-01T00:00:00,0.11987381345075941,0.1498738134507594,0.0,2010-11-01T00:00:00,agent,"{'ipman_change_3m_pct': 2.121, 'ipman_change_6m_pct': 4.727, 'YC_SPREAD': 2.36, 'CREDIT_SPREAD': 3.08, 'VIXCLS': 34.54, 'XLI_RETURN_3M': -11.764}",0.07625272331154684,0.1498738134507594,passed,"High credit spreads (3.08) and elevated VIX (34.54) trigger a +0.03 calibration adjustment to the anchor. Despite recent IPMAN volatility, the 3-month trend remains positive, tempering the overall stress risk.",up
origin-020,2010-10-01,2011-01-01T00:00:00,0.10866270537614131,0.1386627053761413,0.0,2011-02-01T00:00:00,agent,"{'ipman_change_3m_pct': 0.872, 'ipman_change_6m_pct': 3.011, 'YC_SPREAD': 2.11, 'CREDIT_SPREAD': 3.05, 'VIXCLS': 23.7, 'XLI_RETURN_3M': 14.617}",0.07575757575757576,0.1386627053761413,passed,"IPMAN growth remains positive, suggesting stability. However, elevated credit spreads and VIX levels trigger a mandatory +0.03 calibration adjustment to the anchor probability, reflecting heightened financial market risk despite current manufacturing momentum.",up
origin-021,2011-01-01,2011-04-01T00:00:00,0.10495559740595051,0.1349555974059505,0.0,2011-05-01T00:00:00,agent,"{'ipman_change_3m_pct': 0.69, 'ipman_change_6m_pct': 1.567, 'YC_SPREAD': 2.36, 'CREDIT_SPREAD': 3.03, 'VIXCLS': 23.54, 'XLI_RETURN_3M': 16.269}",0.07526881720430108,0.1349555974059505,passed,"IPMAN growth remains positive, suggesting stability. However, elevated credit spreads and VIX levels trigger a mandatory +0.03 calibration adjustment to the statistical anchor, reflecting heightened financial market risk despite current manufacturing momentum.",up
origin-022,2011-04-01,2011-07-01T00:00:00,0.1024367238177383,0.1024,0.0,2011-08-01T00:00:00,agent,"{'ipman_change_3m_pct': 0.992, 'ipman_change_6m_pct': 1.688, 'YC_SPREAD': 2.67, 'CREDIT_SPREAD': 2.58, 'VIXCLS': 17.74, 'XLI_RETURN_3M': 8.504}",0.07478632478632478,0.1024,passed,"IPMAN shows steady growth, and macro indicators like SPY and XLI returns are positive. Credit spreads and VIX do not trigger the calibration correction, supporting a neutral outlook consistent with the statistical anchor.",neutral
origin-023,2011-07-01,2011-10-01T00:00:00,0.1049308597763875,0.1049,0.0,2011-11-01T00:00:00,agent,"{'ipman_change_3m_pct': -0.409, 'ipman_change_6m_pct': 0.579, 'YC_SPREAD': 2.73, 'CREDIT_SPREAD': 2.72, 'VIXCLS': 16.52, 'XLI_RETURN_3M': -0.651}",0.07430997876857749,0.1049,passed,"The IPMAN 3-month decline is significant, but current macro indicators like low VIX and moderate credit spreads do not trigger the stress-correction rule. The anchor probability remains appropriate given the mixed signals.",neutral
origin-024,2011-10-01,2012-01-01T00:00:00,0.10882392184221894,0.13882392184221892,0.0,2012-02-01T00:00:00,agent,"{'ipman_change_3m_pct': 1.371, 'ipman_change_6m_pct': 0.957, 'YC_SPREAD': 2.03, 'CREDIT_SPREAD': 3.25, 'VIXCLS': 31.62, 'XLI_RETURN_3M': -13.472}",0.07383966244725738,0.13882392184221895,clamped,"The anchor is adjusted upward by 0.03 due to elevated credit spreads (3.25) and VIX (31.62), signaling increased financial stress despite recent IPMAN growth.",up
origin-025,2012-01-01,2012-04-01T00:00:00,0.09973118383448909,0.1297311838344891,0.0,2012-05-01T00:00:00,agent,"{'ipman_change_3m_pct': 1.01, 'ipman_change_6m_pct': 2.395, 'YC_SPREAD': 1.83, 'CREDIT_SPREAD': 3.24, 'VIXCLS': 27.8, 'XLI_RETURN_3M': 5.184}",0.07337526205450734,0.1297311838344891,passed,"IPMAN growth remains positive, suggesting stability. However, elevated credit spreads and VIX levels trigger a +0.03 calibration adjustment per the adaptive strategy, slightly increasing the stress probability from the statistical anchor.",up
origin-026,2012-04-01,2012-07-01T00:00:00,0.09658644992127388,0.09658644992127388,0.0,2012-08-01T00:00:00,agent,"{'ipman_change_3m_pct': 0.821, 'ipman_change_6m_pct': 1.84, 'YC_SPREAD': 1.68, 'CREDIT_SPREAD': 3.1, 'VIXCLS': 18.43, 'XLI_RETURN_3M': 10.592}",0.07291666666666667,0.09658644992127388,passed,"The IPMAN 3-month trend remains positive, and macro indicators like SPY and XLI returns are strong. Credit spread and VIX conditions do not trigger the calibration correction, supporting the anchor probability.",neutral
origin-027,2012-07-01,2012-10-01T00:00:00,0.09953056166829273,0.12953056166829274,0.0,2012-11-01T00:00:00,agent,"{'ipman_change_3m_pct': 0.634, 'ipman_change_6m_pct': 1.46, 'YC_SPREAD': 1.32, 'CREDIT_SPREAD': 3.4, 'VIXCLS': 24.06, 'XLI_RETURN_3M': -6.442}",0.07246376811594203,0.12953056166829274,clamped,"The anchor is adjusted upward by 0.03 due to elevated credit spreads (3.4) and VIX (24.06), signaling increased financial stress despite stable recent IPMAN growth.",up
origin-028,2012-10-01,2013-01-01T00:00:00,0.09231370625829403,0.0923,0.0,2013-02-01T00:00:00,agent,"{'ipman_change_3m_pct': -0.521, 'ipman_change_6m_pct': 0.109, 'YC_SPREAD': 1.42, 'CREDIT_SPREAD': 3.07, 'VIXCLS': 15.73, 'XLI_RETURN_3M': 3.074}",0.0720164609053498,0.0923,passed,"The statistical anchor is low. While IPMAN shows a slight recent decline, macro indicators like the yield spread and equity returns remain supportive, and the VIX is below the threshold for a calibration adjustment.",neutral
origin-029,2013-01-01,2013-04-01T00:00:00,0.08809272302215441,0.08809272302215441,0.0,2013-05-01T00:00:00,agent,"{'ipman_change_3m_pct': 1.148, 'ipman_change_6m_pct': 0.621, 'YC_SPREAD': 1.53, 'CREDIT_SPREAD': 2.85, 'VIXCLS': 18.02, 'XLI_RETURN_3M': 4.511}",0.07157464212678936,0.08809272302215441,passed,"IPMAN trends are positive, showing growth over the last three months. Macro indicators like the yield spread and XLI returns suggest stability. No calibration corrections apply as VIX is below 20.",neutral
origin-030,2013-04-01,2013-07-01T00:00:00,0.08559620253923192,0.08559620253923192,0.0,2013-08-01T00:00:00,agent,"{'ipman_change_3m_pct': 0.185, 'ipman_change_6m_pct': 1.335, 'YC_SPREAD': 1.62, 'CREDIT_SPREAD': 2.96, 'VIXCLS': 12.7, 'XLI_RETURN_3M': 10.663}",0.07113821138211382,0.08559620253923192,passed,"The IPMAN three-month trend remains positive, and macro indicators like SPY and XLI returns are strong. No calibration corrections apply as VIX is low, supporting the anchor probability.",neutral
origin-031,2013-07-01,2013-10-01T00:00:00,0.08529226068298784,0.08529226068298784,0.0,2013-11-01T00:00:00,agent,"{'ipman_change_3m_pct': 0.233, 'ipman_change_6m_pct': 0.418, 'YC_SPREAD': 2.16, 'CREDIT_SPREAD': 2.83, 'VIXCLS': 16.86, 'XLI_RETURN_3M': 2.629}",0.0707070707070707,0.08529226068298784,passed,"IPMAN trends are positive, and macro indicators show stability. Credit spreads and VIX do not trigger the calibration correction, supporting a neutral outlook consistent with the statistical anchor.",neutral
origin-032,2013-10-01,2014-01-01T00:00:00,0.08232895305056327,0.0823,0.0,2014-02-01T00:00:00,agent,"{'ipman_change_3m_pct': -0.011, 'ipman_change_6m_pct': 0.221, 'YC_SPREAD': 2.31, 'CREDIT_SPREAD': 2.75, 'VIXCLS': 16.6, 'XLI_RETURN_3M': 9.343}",0.07028112449799197,0.0823,passed,"The IPMAN 3-month trend is slightly negative, but recent monthly growth is positive. Macro indicators like strong equity returns and moderate volatility do not suggest immediate manufacturing stress. No calibration adjustments are triggered.",neutral
origin-033,2014-01-01,2014-04-01T00:00:00,0.07782185895812012,0.0778,0.0,2014-05-01T00:00:00,agent,"{'ipman_change_3m_pct': 0.033, 'ipman_change_6m_pct': 0.022, 'YC_SPREAD': 2.66, 'CREDIT_SPREAD': 2.33, 'VIXCLS': 13.72, 'XLI_RETURN_3M': 13.179}",0.06986027944111776,0.0778,passed,"IPMAN trends remain stable with positive 3-month growth. Macro indicators, including strong equity returns and moderate credit spreads, do not signal imminent manufacturing stress. No calibration adjustments are triggered.",neutral
origin-034,2014-04-01,2014-07-01T00:00:00,0.07694263437857593,0.0769,0.0,2014-08-01T00:00:00,agent,"{'ipman_change_3m_pct': 0.756, 'ipman_change_6m_pct': 0.789, 'YC_SPREAD': 2.29, 'CREDIT_SPREAD': 2.26, 'VIXCLS': 13.88, 'XLI_RETURN_3M': 0.57}",0.06944444444444445,0.0769,passed,"IPMAN trends are positive, showing recent growth. Macro indicators like low VIX and stable credit spreads suggest a low-stress environment. No calibration corrections are triggered, supporting the statistical anchor.",neutral
origin-035,2014-07-01,2014-10-01T00:00:00,0.07491595961501551,0.0749,0.0,2014-11-01T00:00:00,agent,"{'ipman_change_3m_pct': 0.603, 'ipman_change_6m_pct': 1.363, 'YC_SPREAD': 2.06, 'CREDIT_SPREAD': 2.18, 'VIXCLS': 11.57, 'XLI_RETURN_3M': 3.777}",0.06903353057199212,0.0749,passed,"IPMAN shows consistent growth over the last six months, and macro indicators like low VIX and positive equity returns suggest a stable environment. No calibration corrections are triggered, supporting the anchor probability.",neutral
origin-036,2014-10-01,2015-01-01T00:00:00,0.07807840549326099,0.07807840549326099,0.0,2015-02-01T00:00:00,agent,"{'ipman_change_3m_pct': -0.068, 'ipman_change_6m_pct': 0.535, 'YC_SPREAD': 1.94, 'CREDIT_SPREAD': 2.29, 'VIXCLS': 16.31, 'XLI_RETURN_3M': -1.22}",0.06862745098039216,0.07807840549326099,passed,"The anchor probability is maintained as no calibration corrections are triggered. Macro signals show mixed conditions, with stable unemployment and low VIX, offsetting concerns from the recent IPMAN decline.",neutral
origin-037,2015-01-01,2015-04-01T00:00:00,0.07585803872228125,0.07585803872228125,0.0,2015-05-01T00:00:00,agent,"{'ipman_change_3m_pct': 0.417, 'ipman_change_6m_pct': 0.349, 'YC_SPREAD': 1.5, 'CREDIT_SPREAD': 2.51, 'VIXCLS': 19.2, 'XLI_RETURN_3M': 7.051}",0.0682261208576998,0.07585803872228125,passed,"The IPMAN 3-month trend remains positive, and the credit spread is above 2.0 but the VIX is below 20, meaning the calibration correction is not triggered. Macro indicators suggest stable manufacturing conditions.",neutral
origin-038,2015-04-01,2015-07-01T00:00:00,0.07637911681860382,0.07637911681860382,0.0,2015-08-01T00:00:00,agent,"{'ipman_change_3m_pct': -1.013, 'ipman_change_6m_pct': -0.6, 'YC_SPREAD': 1.38, 'CREDIT_SPREAD': 2.55, 'VIXCLS': 15.29, 'XLI_RETURN_3M': -0.979}",0.06782945736434108,0.07637911681860382,passed,"The IPMAN 3-month decline is nearing the threshold, but current macro indicators, including low VIX and moderate credit spreads, do not trigger the adaptive strategy's calibration correction. The anchor remains appropriate.",neutral
origin-039,2015-07-01,2015-10-01T00:00:00,0.07860947734742842,0.0786,0.0,2015-11-01T00:00:00,agent,"{'ipman_change_3m_pct': -0.386, 'ipman_change_6m_pct': -1.395, 'YC_SPREAD': 1.71, 'CREDIT_SPREAD': 2.83, 'VIXCLS': 18.23, 'XLI_RETURN_3M': -2.585}",0.0674373795761079,0.0786,passed,"IPMAN trends are slightly negative but not near the stress threshold. Macro indicators like the yield curve spread and credit spread remain stable, suggesting no immediate manufacturing stress despite minor recent declines.",neutral
origin-040,2015-10-01,2016-01-01T00:00:00,0.0800581829004016,0.1100581829004016,0.0,2016-02-01T00:00:00,agent,"{'ipman_change_3m_pct': 0.199, 'ipman_change_6m_pct': -0.188, 'YC_SPREAD': 1.42, 'CREDIT_SPREAD': 3.29, 'VIXCLS': 24.5, 'XLI_RETURN_3M': -7.215}",0.06704980842911877,0.1100581829004016,passed,"The credit spread (3.29) and VIX (24.5) exceed the thresholds for the confirmed calibration correction (+0.03). IPMAN trends remain mixed, but financial market stress signals warrant an upward adjustment to the statistical anchor.",up
origin-041,2016-01-01,2016-04-01T00:00:00,0.07469960665053295,0.07469960665053295,0.0,2016-05-01T00:00:00,agent,"{'ipman_change_3m_pct': -0.699, 'ipman_change_6m_pct': -0.502, 'YC_SPREAD': 1.21, 'CREDIT_SPREAD': 3.23, 'VIXCLS': 18.21, 'XLI_RETURN_3M': 6.899}",0.06666666666666667,0.07469960665053295,passed,"IPMAN trends are slightly negative, but macro indicators like the yield spread and equity returns remain supportive. No calibration corrections are triggered, so the statistical anchor remains the most reliable estimate.",neutral
origin-042,2016-04-01,2016-07-01T00:00:00,0.07226057130542375,0.07226057130542375,0.0,2016-08-01T00:00:00,agent,"{'ipman_change_3m_pct': 0.048, 'ipman_change_6m_pct': -0.652, 'YC_SPREAD': 1.05, 'CREDIT_SPREAD': 3.12, 'VIXCLS': 13.95, 'XLI_RETURN_3M': 5.178}",0.06628787878787878,0.07226057130542375,passed,"The statistical anchor is maintained as no calibration corrections are triggered. Macro signals like the yield curve spread and XLI returns remain supportive, offsetting recent minor IPMAN declines.",neutral
origin-043,2016-07-01,2016-10-01T00:00:00,0.06975390054788061,0.06975390054788061,0.0,2016-11-01T00:00:00,agent,"{'ipman_change_3m_pct': 0.071, 'ipman_change_6m_pct': 0.119, 'YC_SPREAD': 0.91, 'CREDIT_SPREAD': 2.92, 'VIXCLS': 15.63, 'XLI_RETURN_3M': 1.53}",0.06591337099811675,0.06975390054788061,passed,"IPMAN shows modest recent growth, and macro indicators remain stable. Credit spreads and VIX do not trigger the calibration correction, suggesting no immediate increase in stress risk beyond the statistical anchor.",neutral
origin-044,2016-10-01,2017-01-01T00:00:00,0.06664333329219645,0.0666,0.0,2017-02-01T00:00:00,agent,"{'ipman_change_3m_pct': -0.198, 'ipman_change_6m_pct': -0.127, 'YC_SPREAD': 0.78, 'CREDIT_SPREAD': 2.61, 'VIXCLS': 13.42, 'XLI_RETURN_3M': 5.352}",0.06554307116104868,0.0666,passed,"The IPMAN 3-month decline is near the threshold, but macro indicators like low VIX and positive equity returns suggest stability. No calibration corrections are triggered, so the anchor probability remains appropriate.",neutral
origin-045,2017-01-01,2017-04-01T00:00:00,0.0663572728092482,0.0663572728092482,0.0,2017-05-01T00:00:00,agent,"{'ipman_change_3m_pct': -0.009, 'ipman_change_6m_pct': -0.207, 'YC_SPREAD': 1.26, 'CREDIT_SPREAD': 2.45, 'VIXCLS': 13.33, 'XLI_RETURN_3M': 7.102}",0.06517690875232775,0.0663572728092482,passed,"The IPMAN 3-month trend is slightly negative but improving, and macro indicators like low VIX and moderate credit spreads do not trigger stress-adjustment rules. The anchor probability remains appropriate given current stable conditions.",neutral
origin-046,2017-04-01,2017-07-01T00:00:00,0.0633587333783458,0.0633587333783458,0.0,2017-08-01T00:00:00,agent,"{'ipman_change_3m_pct': -0.284, 'ipman_change_6m_pct': -0.293, 'YC_SPREAD': 1.14, 'CREDIT_SPREAD': 2.19, 'VIXCLS': 12.92, 'XLI_RETURN_3M': 6.174}",0.06481481481481481,0.0633587333783458,passed,"The IPMAN shows slight contraction, but macro indicators like low VIX and positive equity returns suggest stability. Credit spread is elevated but below the calibration threshold. No material evidence warrants adjusting the statistical anchor.",neutral
origin-047,2017-07-01,2017-10-01T00:00:00,0.06086444902507329,0.06086444902507329,0.0,2017-11-01T00:00:00,agent,"{'ipman_change_3m_pct': 1.103, 'ipman_change_6m_pct': 0.816, 'YC_SPREAD': 0.93, 'CREDIT_SPREAD': 2.23, 'VIXCLS': 10.41, 'XLI_RETURN_3M': 2.987}",0.06445672191528545,0.06086444902507329,passed,"IPMAN shows positive growth over 1, 3, and 6 months. Macro indicators like low VIX and stable credit spreads suggest a low-stress environment. No calibration corrections are triggered.",neutral
origin-048,2017-10-01,2018-01-01T00:00:00,0.062299583700993644,0.062299583700993644,0.0,2018-02-01T00:00:00,agent,"{'ipman_change_3m_pct': -0.508, 'ipman_change_6m_pct': 0.589, 'YC_SPREAD': 0.79, 'CREDIT_SPREAD': 2.14, 'VIXCLS': 10.59, 'XLI_RETURN_3M': 1.872}",0.0641025641025641,0.062299583700993644,passed,"The IPMAN 3-month decline is significant, but current macro indicators like low VIX and positive equity returns suggest stability. No calibration corrections are triggered, so the anchor probability remains appropriate.",neutral
origin-049,2018-01-01,2018-04-01T00:00:00,0.05827915470854212,0.05827915470854212,0.0,2018-05-01T00:00:00,agent,"{'ipman_change_3m_pct': 0.877, 'ipman_change_6m_pct': 0.364, 'YC_SPREAD': 0.51, 'CREDIT_SPREAD': 1.77, 'VIXCLS': 11.04, 'XLI_RETURN_3M': 7.156}",0.06375227686703097,0.05827915470854212,passed,"Macroeconomic indicators remain stable with low volatility (VIX 11.04) and healthy equity returns. IPMAN shows positive three-month growth, suggesting no immediate manufacturing stress. No calibration corrections are triggered.",neutral
origin-050,2018-04-01,2018-07-01T00:00:00,0.061187903755744386,0.061187903755744386,0.0,2018-08-01T00:00:00,agent,"{'ipman_change_3m_pct': 0.497, 'ipman_change_6m_pct': 1.379, 'YC_SPREAD': 0.47, 'CREDIT_SPREAD': 1.85, 'VIXCLS': 19.97, 'XLI_RETURN_3M': -1.428}",0.06340579710144928,0.061187903755744386,passed,"The statistical anchor is appropriate as current macro signals do not trigger the calibration correction. IPMAN trends remain positive over the three-month horizon, suggesting low near-term stress risk.",neutral
origin-051,2018-07-01,2018-10-01T00:00:00,0.05859814628491164,0.05859814628491164,0.0,2018-11-01T00:00:00,agent,"{'ipman_change_3m_pct': 0.643, 'ipman_change_6m_pct': 1.144, 'YC_SPREAD': 0.43, 'CREDIT_SPREAD': 1.89, 'VIXCLS': 15.43, 'XLI_RETURN_3M': -2.492}",0.06306306306306306,0.05859814628491164,passed,"IPMAN trends remain positive, and macro indicators like low unemployment and stable credit spreads suggest minimal near-term stress risk. No calibration corrections are triggered by current market conditions.",neutral
origin-052,2018-10-01,2019-01-01T00:00:00,0.05569759257651471,0.05569759257651471,0.0,2019-02-01T00:00:00,agent,"{'ipman_change_3m_pct': 0.329, 'ipman_change_6m_pct': 0.975, 'YC_SPREAD': 0.24, 'CREDIT_SPREAD': 1.84, 'VIXCLS': 12.12, 'XLI_RETURN_3M': 9.98}",0.06272401433691756,0.05569759257651471,passed,"IPMAN growth remains positive and robust over the last three months. Macro indicators, including low unemployment and positive equity returns, suggest a stable manufacturing environment. No calibration adjustments are triggered by current credit or volatility metrics.",neutral
origin-053,2019-01-01,2019-04-01T00:00:00,0.06827461580097295,0.09827461580097295,0.0,2019-05-01T00:00:00,agent,"{'ipman_change_3m_pct': -0.27, 'ipman_change_6m_pct': 0.058, 'YC_SPREAD': 0.21, 'CREDIT_SPREAD': 2.45, 'VIXCLS': 25.42, 'XLI_RETURN_3M': -17.337}",0.062388591800356503,0.09827461580097295,passed,"The credit spread (2.45) and VIX (25.42) exceed the thresholds for the calibration correction, necessitating a +0.03 adjustment to the anchor probability. Negative equity and industrial sector returns suggest heightened manufacturing risk.",up
origin-054,2019-04-01,2019-07-01T00:00:00,0.0580746579802677,0.0580746579802677,0.0,2019-08-01T00:00:00,agent,"{'ipman_change_3m_pct': -1.693, 'ipman_change_6m_pct': -1.958, 'YC_SPREAD': 0.14, 'CREDIT_SPREAD': 2.26, 'VIXCLS': 13.71, 'XLI_RETURN_3M': 17.16}",0.06205673758865248,0.0580746579802677,passed,"The IPMAN shows a slight downward trend, but macro indicators like the yield spread and low VIX do not trigger stress-risk adjustments. The probability remains anchored at the statistical model's output.",neutral
origin-055,2019-07-01,2019-10-01T00:00:00,0.05754789143608852,0.0575,0.0,2019-11-01T00:00:00,agent,"{'ipman_change_3m_pct': -0.275, 'ipman_change_6m_pct': -1.963, 'YC_SPREAD': 0.25, 'CREDIT_SPREAD': 2.31, 'VIXCLS': 15.08, 'XLI_RETURN_3M': 3.634}",0.06172839506172839,0.0575,passed,"The statistical anchor is maintained as the credit spread and VIX do not meet the calibration correction threshold. IPMAN trends are mixed, showing recent monthly growth despite a slight three-month decline.",neutral
origin-056,2019-10-01,2020-01-01T00:00:00,0.060790209476173515,0.060790209476173515,0.0,2020-02-01T00:00:00,agent,"{'ipman_change_3m_pct': -0.871, 'ipman_change_6m_pct': -1.143, 'YC_SPREAD': 0.05, 'CREDIT_SPREAD': 2.2, 'VIXCLS': 16.24, 'XLI_RETURN_3M': 0.803}",0.06140350877192982,0.060790209476173515,passed,IPMAN trends are slightly negative but not near the stress threshold. Macro indicators like low unemployment and stable equity returns suggest resilience. No calibration corrections are triggered by current credit spread and VIX levels.,neutral
origin-057,2020-01-01,2020-04-01T00:00:00,0.052360295489191286,0.052360295489191286,1.0,2020-05-01T00:00:00,agent,"{'ipman_change_3m_pct': 0.054, 'ipman_change_6m_pct': -0.817, 'YC_SPREAD': 0.34, 'CREDIT_SPREAD': 1.98, 'VIXCLS': 13.78, 'XLI_RETURN_3M': 5.468}",0.06108202443280977,0.052360295489191286,passed,"IPMAN shows positive short-term growth, and macro indicators like low unemployment and strong equity returns suggest stability. No calibration corrections are triggered, supporting the anchor probability.",neutral
origin-058,2020-04-01,2020-07-01T00:00:00,0.2134653199026533,0.2434653199026533,0.0,2020-08-01T00:00:00,agent,"{'ipman_change_3m_pct': -4.641, 'ipman_change_6m_pct': -4.59, 'YC_SPREAD': 0.47, 'CREDIT_SPREAD': 3.93, 'VIXCLS': 53.54, 'XLI_RETURN_3M': -27.006}",0.0625,0.2434653199026533,passed,"IPMAN is declining sharply (-4.6% over 3 months), meeting the stress threshold. High credit spreads (3.93) and VIX (53.54) trigger the +0.03 calibration correction, reflecting heightened systemic risk and manufacturing vulnerability.",up
origin-059,2020-07-01,2020-10-01T00:00:00,0.07286581902829395,0.10286581902829395,0.0,2020-11-01T00:00:00,agent,"{'ipman_change_3m_pct': -4.65, 'ipman_change_6m_pct': -9.075, 'YC_SPREAD': 0.5, 'CREDIT_SPREAD': 2.93, 'VIXCLS': 30.43, 'XLI_RETURN_3M': 16.938}",0.06735751295336788,0.10286581902829395,passed,"The 3-month IPMAN decline of 4.65% signals stress. High credit spreads (2.93) and VIX (30.43) trigger a +0.03 calibration adjustment to the 0.0729 anchor, reflecting elevated systemic risk.",up
origin-060,2020-10-01,2021-01-01T00:00:00,0.06807085811423393,0.09807085811423392,0.0,2021-02-01T00:00:00,agent,"{'ipman_change_3m_pct': 5.138, 'ipman_change_6m_pct': 0.25, 'YC_SPREAD': 0.56, 'CREDIT_SPREAD': 2.75, 'VIXCLS': 26.37, 'XLI_RETURN_3M': 12.488}",0.06701030927835051,0.09807085811423392,passed,"Credit spread (2.75) and VIX (26.37) exceed thresholds, triggering a +0.03 calibration adjustment. Despite a recent 1-month IPMAN decline, the 3-month trend remains positive, suggesting moderate stress risk.",up
origin-061,2021-01-01,2021-04-01T00:00:00,0.06272214683619713,0.0927,0.0,2021-05-01T00:00:00,agent,"{'ipman_change_3m_pct': 2.385, 'ipman_change_6m_pct': 7.645, 'YC_SPREAD': 0.8, 'CREDIT_SPREAD': 2.18, 'VIXCLS': 22.75, 'XLI_RETURN_3M': 15.506}",0.06666666666666667,0.0927,passed,"The anchor probability is adjusted upward by 0.03 due to the credit spread (2.18) and VIX (22.75) exceeding the calibration thresholds, signaling elevated manufacturing stress risk despite positive recent IPMAN growth.",up
origin-062,2021-04-01,2021-07-01T00:00:00,0.06536474900187313,0.09536474900187313,0.0,2021-08-01T00:00:00,agent,"{'ipman_change_3m_pct': -0.183, 'ipman_change_6m_pct': 2.197, 'YC_SPREAD': 1.58, 'CREDIT_SPREAD': 2.03, 'VIXCLS': 19.4, 'XLI_RETURN_3M': 11.522}",0.06802721088435375,0.09536474900187313,passed,"The credit spread of 2.03 and VIX of 19.4 are near the calibration threshold. Given the slight 3-month IPMAN decline and current macro conditions, a modest upward adjustment to the anchor is warranted.",up
origin-063,2021-07-01,2021-10-01T00:00:00,0.06918041579533044,0.06918041579533044,0.0,2021-11-01T00:00:00,agent,"{'ipman_change_3m_pct': 1.337, 'ipman_change_6m_pct': 1.151, 'YC_SPREAD': 1.2, 'CREDIT_SPREAD': 1.87, 'VIXCLS': 15.83, 'XLI_RETURN_3M': 4.341}",0.0676818950930626,0.06918041579533044,passed,"IPMAN trends remain positive over 3-month and 6-month horizons. Macro indicators, including low VIX and moderate credit spreads, do not trigger stress-risk calibration corrections. The statistical anchor remains appropriate given current stable manufacturing data.",neutral
origin-064,2021-10-01,2022-01-01T00:00:00,0.07584595294093262,0.07584595294093262,0.0,2022-02-01T00:00:00,agent,"{'ipman_change_3m_pct': -0.924, 'ipman_change_6m_pct': 0.401, 'YC_SPREAD': 1.24, 'CREDIT_SPREAD': 1.85, 'VIXCLS': 23.14, 'XLI_RETURN_3M': -4.145}",0.06734006734006734,0.07584595294093262,passed,"The IPMAN shows a slight decline, but macro indicators like the yield spread and unemployment rate remain stable. No calibration corrections are triggered as credit spreads and VIX levels are below the threshold.",neutral
origin-065,2022-01-01,2022-04-01T00:00:00,0.07512973604425685,0.07512973604425685,0.0,2022-05-01T00:00:00,agent,"{'ipman_change_3m_pct': 1.887, 'ipman_change_6m_pct': 0.946, 'YC_SPREAD': 0.91, 'CREDIT_SPREAD': 1.85, 'VIXCLS': 27.19, 'XLI_RETURN_3M': -3.267}",0.06700167504187604,0.07512973604425685,passed,"The statistical anchor is used as the base. Current IPMAN trends show positive 3-month growth, and macro indicators do not trigger the established calibration correction for high credit spreads and VIX levels.",neutral
origin-066,2022-04-01,2022-07-01T00:00:00,0.07609199147768421,0.07609199147768421,0.0,2022-08-01T00:00:00,agent,"{'ipman_change_3m_pct': 0.074, 'ipman_change_6m_pct': 1.963, 'YC_SPREAD': 0.04, 'CREDIT_SPREAD': 1.93, 'VIXCLS': 20.56, 'XLI_RETURN_3M': -2.351}",0.06666666666666667,0.07609199147768421,passed,"IPMAN shows modest growth over the last three months. Macro indicators like credit spreads and VIX do not trigger the calibration correction, suggesting no immediate increase in stress risk.",neutral
origin-067,2022-07-01,2022-10-01T00:00:00,0.08583344937761708,0.1158,0.0,2022-11-01T00:00:00,agent,"{'ipman_change_3m_pct': -1.043, 'ipman_change_6m_pct': -0.969, 'YC_SPREAD': 0.06, 'CREDIT_SPREAD': 2.31, 'VIXCLS': 28.71, 'XLI_RETURN_3M': -14.815}",0.06633499170812604,0.1158,passed,"IPMAN shows a 1.04% three-month decline. High credit spreads (2.31) and VIX (28.71) trigger a +0.03 calibration adjustment to the 0.0858 anchor, reflecting elevated manufacturing stress risk.",up
origin-068,2022-10-01,2023-01-01T00:00:00,0.07753301584819833,0.1075,0.0,2023-02-01T00:00:00,agent,"{'ipman_change_3m_pct': 0.056, 'ipman_change_6m_pct': -0.987, 'YC_SPREAD': -0.3, 'CREDIT_SPREAD': 2.18, 'VIXCLS': 25.87, 'XLI_RETURN_3M': -1.438}",0.066006600660066,0.1075,passed,"Credit spread (2.18) and VIX (25.87) exceed thresholds, triggering a +0.03 adjustment to the 0.0775 anchor. IPMAN trends remain stable, but elevated financial stress signals warrant this cautious upward adjustment.",up
origin-069,2023-01-01,2023-04-01T00:00:00,0.07902713561104734,0.10902713561104733,0.0,2023-05-01T00:00:00,agent,"{'ipman_change_3m_pct': -2.285, 'ipman_change_6m_pct': -2.23, 'YC_SPREAD': -0.7, 'CREDIT_SPREAD': 2.15, 'VIXCLS': 20.58, 'XLI_RETURN_3M': 9.983}",0.06732348111658457,0.10902713561104733,passed,"IPMAN trends show a 2.28% decline over three months, meeting the stress threshold. Credit spread (2.15) and VIX (20.58) trigger the +0.03 calibration correction, reflecting elevated financial stress risks.",up
origin-070,2023-04-01,2023-07-01T00:00:00,0.07604781175590569,0.07604781175590569,0.0,2023-08-01T00:00:00,agent,"{'ipman_change_3m_pct': 1.15, 'ipman_change_6m_pct': -1.162, 'YC_SPREAD': -0.89, 'CREDIT_SPREAD': 1.9, 'VIXCLS': 20.7, 'XLI_RETURN_3M': -0.264}",0.06699346405228758,0.07604781175590569,passed,"The statistical anchor is maintained as no calibration conditions (CREDIT_SPREAD > 2.0 and VIXCLS > 20) are met. Macro signals are mixed, with negative equity returns offset by stable unemployment and positive 3-month IPMAN growth.",neutral
origin-071,2023-07-01,2023-10-01T00:00:00,0.07241876225470377,0.1024,0.0,2023-11-01T00:00:00,agent,"{'ipman_change_3m_pct': 0.069, 'ipman_change_6m_pct': 1.219, 'YC_SPREAD': -0.76, 'CREDIT_SPREAD': 2.16, 'VIXCLS': 17.94, 'XLI_RETURN_3M': -3.687}",0.06666666666666667,0.1024,passed,"The credit spread of 2.16 exceeds the 2.0 threshold, triggering a +0.03 calibration adjustment to the 0.0724 anchor. Macro signals remain mixed, with negative XLI returns offset by positive SPY returns and stable unemployment.",up
origin-072,2023-10-01,2024-01-01T00:00:00,0.06595034990045404,0.06595034990045404,0.0,2024-02-01T00:00:00,agent,"{'ipman_change_3m_pct': 0.394, 'ipman_change_6m_pct': 0.463, 'YC_SPREAD': -0.76, 'CREDIT_SPREAD': 1.83, 'VIXCLS': 13.57, 'XLI_RETURN_3M': 12.197}",0.06634304207119741,0.06595034990045404,passed,"IPMAN shows positive growth over the last three and six months, indicating no immediate stress. Macro indicators like strong equity returns and stable unemployment support a low-stress outlook. No calibration corrections are triggered.",neutral
origin-073,2024-01-01,2024-04-01T00:00:00,0.0633914135917692,0.0633914135917692,0.0,2024-05-01T00:00:00,agent,"{'ipman_change_3m_pct': -0.061, 'ipman_change_6m_pct': 0.333, 'YC_SPREAD': -0.35, 'CREDIT_SPREAD': 1.61, 'VIXCLS': 12.45, 'XLI_RETURN_3M': 13.054}",0.06602254428341385,0.0633914135917692,passed,"The IPMAN 3-month decline is significant, but current macro indicators like low VIX and healthy equity returns suggest stability. No calibration corrections are triggered, so the anchor probability remains the most reliable estimate.",neutral
origin-074,2024-04-01,2024-07-01T00:00:00,0.06245650617385654,0.06245650617385654,0.0,2024-08-01T00:00:00,agent,"{'ipman_change_3m_pct': -0.159, 'ipman_change_6m_pct': -0.22, 'YC_SPREAD': -0.39, 'CREDIT_SPREAD': 1.5, 'VIXCLS': 13.01, 'XLI_RETURN_3M': 10.842}",0.06570512820512821,0.06245650617385654,passed,"The IPMAN 3-month decline is significant, but current macro indicators like low VIX and moderate credit spreads do not trigger stress-risk adjustments. The anchor probability remains appropriate given the lack of immediate systemic manufacturing stress signals.",neutral
origin-075,2024-07-01,2024-10-01T00:00:00,0.06515500847427214,0.06515500847427214,0.0,2024-11-01T00:00:00,agent,"{'ipman_change_3m_pct': -0.168, 'ipman_change_6m_pct': -0.327, 'YC_SPREAD': -0.35, 'CREDIT_SPREAD': 1.55, 'VIXCLS': 12.44, 'XLI_RETURN_3M': -2.915}",0.06539074960127592,0.06515500847427214,passed,"IPMAN trends are slightly negative, but macro indicators like low VIX and stable unemployment suggest no immediate stress. The statistical anchor remains appropriate as no calibration conditions are met.",neutral
origin-076,2024-10-01,2025-01-01T00:00:00,0.062220517344314934,0.0622,0.0,2025-02-01T00:00:00,agent,"{'ipman_change_3m_pct': -0.867, 'ipman_change_6m_pct': -1.033, 'YC_SPREAD': 0.15, 'CREDIT_SPREAD': 1.63, 'VIXCLS': 16.73, 'XLI_RETURN_3M': 11.496}",0.06507936507936508,0.0622,passed,"IPMAN trends are slightly negative but remain above the stress threshold. Macro indicators like low credit spreads and strong equity returns suggest stability, providing no compelling reason to adjust the statistical anchor.",neutral
