origin_id,as_of,forecast_date,anchor,adaptive_agent,outcome,outcome_released_at,status,historical_frequency,agent_probability,validation_status,rationale,direction
origin-001,2006-01-01,2006-04-01T00:00:00,0.05185185185185185,0.05185185185185185,0.0,2006-05-01T00:00:00,agent,0.05185185185185185,0.05185185185185185,passed,"IPMAN trends are positive over 1m and 3m horizons, and macro indicators like XLI returns and low VIX suggest stability. No evidence of imminent manufacturing stress.",neutral
origin-002,2006-04-01,2006-07-01T00:00:00,0.051470588235294115,0.051470588235294115,0.0,2006-08-01T00:00:00,agent,0.051470588235294115,0.051470588235294115,passed,"The 3-month IPMAN change remains positive (+0.44%), and the yield curve spread is near neutral. Despite a slight 1-month decline, overall manufacturing momentum and financial conditions do not currently signal imminent stress.",neutral
origin-003,2006-07-01,2006-10-01T00:00:00,0.051094890510948905,0.051094890510948905,0.0,2006-11-01T00:00:00,agent,0.051094890510948905,0.051094890510948905,passed,"IPMAN trends remain positive over 1m and 3m horizons, and macroeconomic indicators like XLI returns and unemployment rates do not signal immediate manufacturing contraction. The base rate remains the most reliable estimate.",neutral
origin-004,2006-10-01,2007-01-01T00:00:00,0.050724637681159424,0.0507,0.0,2007-02-01T00:00:00,agent,0.050724637681159424,0.0507,passed,"IPMAN trends remain positive over 1, 3, and 6 months, indicating no immediate stress. Macro signals like the inverted yield curve and XLI performance are noted, but current manufacturing output growth outweighs these concerns.",neutral
origin-005,2007-01-01,2007-04-01T00:00:00,0.050359712230215826,0.050359712230215826,0.0,2007-05-01T00:00:00,agent,0.050359712230215826,0.050359712230215826,passed,"IPMAN trends remain positive, and macroeconomic indicators like the yield curve spread and credit spreads do not currently signal imminent manufacturing stress. The statistical anchor remains appropriate given the lack of negative momentum.",neutral
origin-006,2007-04-01,2007-07-01T00:00:00,0.05,0.05,0.0,2007-08-01T00:00:00,agent,0.05,0.05,passed,"IPMAN trends remain positive over 1m, 3m, and 6m horizons. Macro indicators, including the yield curve spread and credit spreads, do not currently signal imminent manufacturing stress. The base rate remains low.",neutral
origin-007,2007-07-01,2007-10-01T00:00:00,0.04964539007092199,0.0496,0.0,2007-11-01T00:00:00,agent,0.04964539007092199,0.0496,passed,"IPMAN trends remain positive over 1, 3, and 6 months. Macro indicators, including strong equity returns and stable credit spreads, suggest low near-term manufacturing stress risk, consistent with the statistical anchor.",neutral
origin-008,2007-10-01,2008-01-01T00:00:00,0.04929577464788732,0.0493,0.0,2008-02-01T00:00:00,agent,0.04929577464788732,0.0493,passed,"IPMAN trends remain positive over 1, 3, and 6 months. Macro indicators, including positive equity returns and stable credit spreads, suggest low near-term stress risk, consistent with the historical base rate.",neutral
origin-009,2008-01-01,2008-04-01T00:00:00,0.04895104895104895,0.04895104895104895,1.0,2008-05-01T00:00:00,agent,0.04895104895104895,0.04895104895104895,passed,"IPMAN trends remain positive over 1, 3, and 6 months, indicating no immediate stress. Macro indicators like the yield spread and credit spread do not currently signal imminent manufacturing contraction.",neutral
origin-010,2008-04-01,2008-07-01T00:00:00,0.04861111111111111,0.065,1.0,2008-08-01T00:00:00,agent,0.04861111111111111,0.065,passed,"The 3-month IPMAN decline is accelerating toward the -2% threshold. Negative equity returns and elevated credit spreads suggest tightening financial conditions, increasing the risk of manufacturing stress despite the current base rate.",up
origin-011,2008-07-01,2008-10-01T00:00:00,0.02102798559848882,0.045,1.0,2008-11-01T00:00:00,agent,0.052873563218390804,0.045,passed,"The 3-month IPMAN decline has breached the -2% threshold, signaling current stress. However, the anchor remains low, and macro indicators like the yield spread and credit spread suggest moderate, rather than acute, systemic risk.",up
origin-012,2008-10-01,2009-01-01T00:00:00,0.05922524203162289,0.08922524203162288,1.0,2009-02-01T00:00:00,agent,0.0593607305936073,0.65,clamped,"IPMAN has declined significantly (-5.75% over 3 months), exceeding the stress threshold. High VIX (39.39), elevated credit spreads (4.0), and negative equity returns signal substantial manufacturing stress risk.",up
origin-013,2009-01-01,2009-04-01T00:00:00,0.10708019936162723,0.13708019936162724,1.0,2009-05-01T00:00:00,agent,0.06575963718820861,0.35,clamped,"IPMAN has declined significantly (-6.4% over 3 months), and macro indicators like high VIX (40.0), elevated credit spreads (5.82), and sharp equity market declines signal severe manufacturing stress ahead.",up
origin-014,2009-04-01,2009-07-01T00:00:00,0.15715230054698462,0.18715230054698462,0.0,2009-08-01T00:00:00,agent,0.07207207207207207,0.45,clamped,"The 3-month IPMAN decline of 4.96% significantly exceeds the -2% stress threshold. High credit spreads (5.74) and poor equity performance (XLI -20.5%) confirm severe manufacturing sector headwinds, justifying a substantial upward adjustment from the anchor.",up
origin-015,2009-07-01,2009-10-01T00:00:00,0.15922742849930843,0.18922742849930843,0.0,2009-11-01T00:00:00,agent,0.07829977628635347,0.22,clamped,"The 3-month IPMAN change has breached the -2% stress threshold. While recent equity rebounds provide some optimism, the sustained contraction in manufacturing output and high credit spreads justify an upward adjustment to the anchor probability.",up
origin-016,2009-10-01,2010-01-01T00:00:00,0.12129358326137767,0.12129358326137767,0.0,2010-02-01T00:00:00,agent,0.07777777777777778,0.12129358326137767,passed,"IPMAN shows positive momentum (3.9% 3m growth) and equity markets are recovering, offsetting high unemployment and credit spreads. The current anchor appropriately reflects these mixed signals.",neutral
origin-017,2010-01-01,2010-04-01T00:00:00,0.12003813105347126,0.12,0.0,2010-05-01T00:00:00,agent,0.0772626931567329,0.12,passed,"The 3-month IPMAN trend remains positive (+1.12%), and macro indicators like the yield curve spread (2.71) and equity returns are supportive. No material evidence warrants adjusting the anchor probability.",neutral
origin-018,2010-04-01,2010-07-01T00:00:00,0.10515966923652637,0.10515966923652637,0.0,2010-08-01T00:00:00,agent,0.07675438596491228,0.10515966923652637,passed,"IPMAN growth remains positive over 1m and 3m horizons, and financial market indicators (SPY, XLI returns) are strong. No immediate evidence of manufacturing stress is present.",neutral
origin-019,2010-07-01,2010-10-01T00:00:00,0.11987381796253495,0.14,0.0,2010-11-01T00:00:00,agent,0.07625272331154684,0.14,passed,"While the 3-month IPMAN trend remains positive, elevated VIX, high credit spreads, and negative 3-month equity returns suggest rising macroeconomic headwinds that warrant a modest upward adjustment to the statistical anchor.",up
origin-020,2010-10-01,2011-01-01T00:00:00,0.10866270700759346,0.10866270700759346,0.0,2011-02-01T00:00:00,agent,0.07575757575757576,0.10866270700759346,passed,"IPMAN growth remains positive over the last three months, and financial market indicators like XLI and SPY returns are strong. No material evidence suggests an immediate shift toward manufacturing stress.",neutral
origin-021,2011-01-01,2011-04-01T00:00:00,0.10495560821648517,0.10495560821648517,0.0,2011-05-01T00:00:00,agent,0.07526881720430108,0.10495560821648517,passed,"IPMAN trends are positive and stable, and macro indicators like the yield curve spread and equity returns suggest a healthy environment. No material evidence warrants adjusting the statistical anchor.",neutral
origin-022,2011-04-01,2011-07-01T00:00:00,0.10243673690119826,0.1024,0.0,2011-08-01T00:00:00,agent,0.07478632478632478,0.1024,passed,"IPMAN trends remain positive, showing consistent growth over the last three months. Macro indicators, including stable credit spreads and positive equity returns, suggest a low probability of manufacturing stress in the near term.",neutral
origin-023,2011-07-01,2011-10-01T00:00:00,0.10493085992912846,0.115,0.0,2011-11-01T00:00:00,agent,0.07430997876857749,0.115,passed,"The IPMAN 3-month decline is modest (-0.41%), and macro indicators like the yield curve spread (2.73) and low VIX (16.52) suggest stability. A slight upward adjustment from the anchor reflects persistent, albeit mild, manufacturing headwinds.",up
origin-024,2011-10-01,2012-01-01T00:00:00,0.10882393366524014,0.13882393366524015,0.0,2012-02-01T00:00:00,agent,0.07383966244725738,0.15,clamped,"IPMAN growth remains positive, but elevated VIX, high credit spreads, and negative equity returns suggest rising macroeconomic headwinds that warrant a modest upward adjustment to the statistical anchor.",up
origin-025,2012-01-01,2012-04-01T00:00:00,0.0997311751380659,0.0997,0.0,2012-05-01T00:00:00,agent,0.07337526205450734,0.0997,passed,"IPMAN trends remain positive over 1m, 3m, and 6m horizons, indicating no immediate stress. Macro indicators like the yield curve spread and equity returns are stable, supporting the anchor's low-risk assessment.",neutral
origin-026,2012-04-01,2012-07-01T00:00:00,0.09658645810692162,0.09658645810692162,0.0,2012-08-01T00:00:00,agent,0.07291666666666667,0.09658645810692162,passed,"The 3-month IPMAN trend remains positive (+0.82%), and macro indicators like the yield curve spread (1.68) and positive equity returns suggest a stable environment. No material evidence warrants adjusting the statistical anchor.",neutral
origin-027,2012-07-01,2012-10-01T00:00:00,0.09953056410164646,0.115,0.0,2012-11-01T00:00:00,agent,0.07246376811594203,0.115,passed,"IPMAN growth remains positive, but negative equity returns (SPY, XLI) and elevated credit spreads suggest rising macroeconomic headwinds, warranting a slight upward adjustment to the statistical anchor.",up
origin-028,2012-10-01,2013-01-01T00:00:00,0.09231371723754872,0.0923,0.0,2013-02-01T00:00:00,agent,0.0720164609053498,0.0923,passed,"The IPMAN decline is modest (-0.52% over 3 months) and well above the -2% stress threshold. Macro indicators like the yield spread and equity returns remain supportive, suggesting no immediate escalation in manufacturing stress risk.",neutral
origin-029,2013-01-01,2013-04-01T00:00:00,0.08809272151633155,0.088,0.0,2013-05-01T00:00:00,agent,0.07157464212678936,0.088,passed,"IPMAN trends are positive, showing growth over the last three and six months. Macro indicators like the yield curve spread and industrial sector returns remain supportive, suggesting low near-term stress risk.",neutral
origin-030,2013-04-01,2013-07-01T00:00:00,0.08559619626576176,0.08559619626576176,0.0,2013-08-01T00:00:00,agent,0.07113821138211382,0.08559619626576176,passed,"The 3-month IPMAN trend remains positive (+0.185%), and macroeconomic indicators like the yield curve spread and equity returns suggest a stable environment. No material evidence warrants adjusting the statistical anchor.",neutral
origin-031,2013-07-01,2013-10-01T00:00:00,0.08529225999615991,0.0853,0.0,2013-11-01T00:00:00,agent,0.0707070707070707,0.0853,passed,"IPMAN trends are positive and stable, and macroeconomic indicators like the yield curve and equity returns remain supportive. No material evidence suggests an imminent increase in manufacturing stress risk.",neutral
origin-032,2013-10-01,2014-01-01T00:00:00,0.08232895849185638,0.0823,0.0,2014-02-01T00:00:00,agent,0.07028112449799197,0.0823,passed,"The 3-month IPMAN change is slightly negative, but recent 1-month growth is positive. Macro indicators like the yield curve spread and equity returns remain supportive, suggesting low near-term stress risk.",neutral
origin-033,2014-01-01,2014-04-01T00:00:00,0.0778218540494661,0.0778,0.0,2014-05-01T00:00:00,agent,0.06986027944111776,0.0778,passed,"IPMAN trends remain positive over three and six months, and financial conditions (SPY/XLI returns, credit spreads) are supportive. No material evidence suggests an imminent shift toward manufacturing stress.",neutral
origin-034,2014-04-01,2014-07-01T00:00:00,0.07694264820918895,0.0769,0.0,2014-08-01T00:00:00,agent,0.06944444444444445,0.0769,passed,"IPMAN trends are positive over 1, 3, and 6 months, indicating no immediate stress. Macro indicators like the yield curve spread and low VIX suggest a stable environment, supporting the statistical anchor.",neutral
origin-035,2014-07-01,2014-10-01T00:00:00,0.07491594651566721,0.0749,0.0,2014-11-01T00:00:00,agent,0.06903353057199212,0.0749,passed,"IPMAN trends remain positive with a 0.6% three-month growth rate. Macro indicators, including a healthy yield curve spread and strong equity returns, suggest low near-term manufacturing stress risk, consistent with the statistical anchor.",neutral
origin-036,2014-10-01,2015-01-01T00:00:00,0.07807841704094527,0.085,0.0,2015-02-01T00:00:00,agent,0.06862745098039216,0.085,passed,"The 3-month IPMAN decline of -6.76% signals significant recent stress, despite stable macro indicators. I am adjusting the anchor upward to reflect this momentum, while remaining cautious given the lack of broader economic distress.",up
origin-037,2015-01-01,2015-04-01T00:00:00,0.07585804672313096,0.07585804672313096,0.0,2015-05-01T00:00:00,agent,0.0682261208576998,0.07585804672313096,passed,"IPMAN trends remain positive over 3 and 6 months, and financial indicators like XLI and SPY returns are strong. No material evidence suggests imminent manufacturing stress, justifying adherence to the statistical anchor.",neutral
origin-038,2015-04-01,2015-07-01T00:00:00,0.07637911632371815,0.07637911632371815,0.0,2015-08-01T00:00:00,agent,0.06782945736434108,0.07637911632371815,passed,"The IPMAN 3-month decline is modest (-1.01%) and well above the -2% stress threshold. Macro indicators like the yield spread and credit spread remain stable, suggesting no immediate escalation in manufacturing stress risk.",neutral
origin-039,2015-07-01,2015-10-01T00:00:00,0.07860949042565193,0.0786,0.0,2015-11-01T00:00:00,agent,0.0674373795761079,0.0786,passed,"IPMAN trends remain stable with minimal decline. Macro indicators, including a positive yield spread and moderate credit spreads, do not signal imminent manufacturing stress. The anchor probability remains appropriate given current data.",neutral
origin-040,2015-10-01,2016-01-01T00:00:00,0.08005817100452775,0.085,0.0,2016-02-01T00:00:00,agent,0.06704980842911877,0.085,passed,"IPMAN trends remain stable over three months, but negative equity returns and elevated credit spreads suggest rising downside risks to manufacturing activity, warranting a slight upward adjustment from the anchor.",up
origin-041,2016-01-01,2016-04-01T00:00:00,0.07469960023449282,0.0747,0.0,2016-05-01T00:00:00,agent,0.06666666666666667,0.0747,passed,"IPMAN trends remain stable with no significant decline. Macro indicators, including the yield curve and credit spreads, do not currently signal imminent manufacturing stress. The anchor probability remains appropriate.",neutral
origin-042,2016-04-01,2016-07-01T00:00:00,0.07226057013057563,0.07226057013057563,0.0,2016-08-01T00:00:00,agent,0.06628787878787878,0.07226057013057563,passed,"The 3-month IPMAN trend remains positive (+4.79%), and financial conditions (SPY/XLI returns, credit spreads) do not signal immediate stress. The anchor probability is appropriate given the lack of clear near-term deterioration.",neutral
origin-043,2016-07-01,2016-10-01T00:00:00,0.06975388617278422,0.06975388617278422,0.0,2016-11-01T00:00:00,agent,0.06591337099811675,0.06975388617278422,passed,"IPMAN trends are positive and stable, and macroeconomic indicators like unemployment and credit spreads remain supportive. No material evidence suggests an imminent shift toward manufacturing stress.",neutral
origin-044,2016-10-01,2017-01-01T00:00:00,0.06664333812872417,0.0666,0.0,2017-02-01T00:00:00,agent,0.06554307116104868,0.0666,passed,"The IPMAN 3-month decline is modest (-0.198%), well above the -2% stress threshold. Macro indicators like low VIX and positive equity returns suggest stable conditions, justifying adherence to the statistical anchor.",neutral
origin-045,2017-01-01,2017-04-01T00:00:00,0.06635728400691825,0.06635728400691825,0.0,2017-05-01T00:00:00,agent,0.06517690875232775,0.06635728400691825,passed,"The IPMAN 3-month trend is slightly negative but improving, and macro indicators like the yield spread and industrial sector returns remain supportive. No compelling evidence warrants a deviation from the statistical anchor.",neutral
origin-046,2017-04-01,2017-07-01T00:00:00,0.0633587318411605,0.0633587318411605,0.0,2017-08-01T00:00:00,agent,0.06481481481481481,0.0633587318411605,passed,"IPMAN trends remain stable with minimal short-term volatility. Macro indicators, including positive equity returns and a healthy yield spread, suggest no immediate manufacturing stress. The statistical anchor remains appropriate given the lack of negative signals.",neutral
origin-047,2017-07-01,2017-10-01T00:00:00,0.060864454431831715,0.060864454431831715,0.0,2017-11-01T00:00:00,agent,0.06445672191528545,0.060864454431831715,passed,"IPMAN trends remain positive over 1m, 3m, and 6m horizons. Macro indicators, including low credit spreads and positive equity returns, suggest a stable environment. No material evidence warrants adjusting the statistical anchor.",neutral
origin-048,2017-10-01,2018-01-01T00:00:00,0.06229958887745988,0.0623,0.0,2018-02-01T00:00:00,agent,0.0641025641025641,0.0623,passed,"The IPMAN 3-month decline is notable, but the 6-month trend remains positive and macro indicators like low VIX and positive equity returns suggest stability. The anchor probability remains appropriate given the lack of systemic stress signals.",neutral
origin-049,2018-01-01,2018-04-01T00:00:00,0.058279157393402586,0.058279157393402586,0.0,2018-05-01T00:00:00,agent,0.06375227686703097,0.058279157393402586,passed,"IPMAN trends remain positive over three and six months, and macroeconomic indicators like low VIX and strong equity returns suggest a stable environment. No material evidence warrants adjusting the statistical anchor.",neutral
origin-050,2018-04-01,2018-07-01T00:00:00,0.06118791333490918,0.06118791333490918,0.0,2018-08-01T00:00:00,agent,0.06340579710144928,0.06118791333490918,passed,"The IPMAN 3-month trend remains positive, and macroeconomic indicators like unemployment and credit spreads do not signal immediate manufacturing stress. The statistical anchor is appropriate given the current stable environment.",neutral
origin-051,2018-07-01,2018-10-01T00:00:00,0.05859813853412873,0.0586,0.0,2018-11-01T00:00:00,agent,0.06306306306306306,0.0586,passed,"IPMAN trends remain positive, and macroeconomic indicators like low unemployment and stable credit spreads do not signal imminent manufacturing stress. The statistical anchor is well-aligned with current conditions.",neutral
origin-052,2018-10-01,2019-01-01T00:00:00,0.05569759096543436,0.0557,0.0,2019-02-01T00:00:00,agent,0.06272401433691756,0.0557,passed,"Manufacturing indicators remain robust with positive short-term IPMAN growth and strong equity market performance. Macroeconomic conditions, including low unemployment and stable credit spreads, suggest minimal near-term stress risk.",neutral
origin-053,2019-01-01,2019-04-01T00:00:00,0.06827461772807604,0.085,0.0,2019-05-01T00:00:00,agent,0.062388591800356503,0.085,passed,"While IPMAN remains stable, significant declines in SPY and XLI returns, combined with elevated credit spreads and VIX, suggest increased downside risk to manufacturing activity over the next three months.",up
origin-054,2019-04-01,2019-07-01T00:00:00,0.05807466877655084,0.065,0.0,2019-08-01T00:00:00,agent,0.06205673758865248,0.065,passed,"IPMAN is trending downward (-1.69% over 3 months), nearing the -2% stress threshold. While financial conditions remain supportive, the weakening industrial momentum warrants a slight upward adjustment to the anchor probability.",up
origin-055,2019-07-01,2019-10-01T00:00:00,0.05754789135278695,0.0575,0.0,2019-11-01T00:00:00,agent,0.06172839506172839,0.0575,passed,"The IPMAN 3-month trend is slightly negative but improving, and macroeconomic indicators like low unemployment and positive equity returns suggest stability. No material evidence warrants a deviation from the statistical anchor.",neutral
origin-056,2019-10-01,2020-01-01T00:00:00,0.06079020800408039,0.06079,0.0,2020-02-01T00:00:00,agent,0.06140350877192982,0.06079,passed,"IPMAN trends remain stable with no significant decline. Macro indicators, including low unemployment and positive equity returns, suggest continued resilience. The current statistical anchor appropriately reflects the low probability of near-term manufacturing stress.",neutral
origin-057,2020-01-01,2020-04-01T00:00:00,0.052360292038315916,0.05236,1.0,2020-05-01T00:00:00,agent,0.06108202443280977,0.05236,passed,"IPMAN shows positive momentum over the last three months, and macroeconomic indicators like low unemployment and strong equity returns suggest a stable environment. No material evidence warrants adjusting the statistical anchor.",neutral
origin-058,2020-04-01,2020-07-01T00:00:00,0.21346528012331067,0.24346528012331067,0.0,2020-08-01T00:00:00,agent,0.0625,0.45,clamped,"IPMAN has declined significantly (-4.6% over 3 months), exceeding the stress threshold. High VIX (53.54), elevated credit spreads (3.93), and sharp equity market declines (SPY -19.4%) strongly signal heightened manufacturing stress risk.",up
origin-059,2020-07-01,2020-10-01T00:00:00,0.0728658296760259,0.085,0.0,2020-11-01T00:00:00,agent,0.06735751295336788,0.085,passed,"The 3-month IPMAN change remains negative (-4.65%), indicating persistent stress. While recent monthly growth is positive, high unemployment (11%) and elevated credit spreads (2.93) suggest continued economic fragility, warranting a slight upward adjustment from the anchor.",up
origin-060,2020-10-01,2021-01-01T00:00:00,0.0680708518845158,0.068,0.0,2021-02-01T00:00:00,agent,0.06701030927835051,0.068,passed,"The 3-month IPMAN trend remains positive (+5.14%), offsetting the slight 1-month decline. Macro indicators like the yield curve spread and equity returns suggest continued stability, keeping the risk of manufacturing stress near the historical base rate.",neutral
origin-061,2021-01-01,2021-04-01T00:00:00,0.06272215150735043,0.0627,0.0,2021-05-01T00:00:00,agent,0.06666666666666667,0.0627,passed,"IPMAN trends remain positive with a 2.38% three-month growth rate. Macro indicators, including strong equity returns and a stable yield curve, suggest low near-term manufacturing stress risk, justifying maintaining the statistical anchor.",neutral
origin-062,2021-04-01,2021-07-01T00:00:00,0.0653647599846447,0.0653647599846447,0.0,2021-08-01T00:00:00,agent,0.06802721088435375,0.0653647599846447,passed,"The IPMAN 3-month change is slightly negative but recovering, and macro indicators like XLI returns and credit spreads remain supportive. No compelling evidence exists to deviate from the statistical anchor.",neutral
origin-063,2021-07-01,2021-10-01T00:00:00,0.06918042487414836,0.06918042487414836,0.0,2021-11-01T00:00:00,agent,0.0676818950930626,0.06918042487414836,passed,"IPMAN trends remain positive over the three-month window, and macroeconomic indicators like the yield curve spread and equity returns do not signal imminent manufacturing stress. The statistical anchor remains appropriate.",neutral
origin-064,2021-10-01,2022-01-01T00:00:00,0.0758459593649626,0.085,0.0,2022-02-01T00:00:00,agent,0.06734006734006734,0.085,passed,"IPMAN momentum is negative (-0.92% over 3 months) and XLI 3-month return is weak (-4.14%), suggesting increased downside risk, though macro indicators like the yield spread remain supportive.",up
origin-065,2022-01-01,2022-04-01T00:00:00,0.07512973060437596,0.0751,0.0,2022-05-01T00:00:00,agent,0.06700167504187604,0.0751,passed,"The 3-month IPMAN trend remains positive (+1.89%), and macroeconomic indicators like the yield curve spread and unemployment rate do not currently signal imminent manufacturing stress. The anchor probability is appropriate.",neutral
origin-066,2022-04-01,2022-07-01T00:00:00,0.07609199104826352,0.076,0.0,2022-08-01T00:00:00,agent,0.06666666666666667,0.076,passed,"IPMAN trends remain positive over 1m, 3m, and 6m horizons. While equity returns are negative, labor market and credit conditions do not currently signal imminent manufacturing stress.",neutral
origin-067,2022-07-01,2022-10-01T00:00:00,0.08583343611947136,0.11,0.0,2022-11-01T00:00:00,agent,0.06633499170812604,0.11,passed,"IPMAN is trending downward (-1.04% over 3 months) and financial conditions are tightening, evidenced by negative equity returns and elevated credit spreads, increasing the likelihood of reaching the -2% stress threshold.",up
origin-068,2022-10-01,2023-01-01T00:00:00,0.07753300650659138,0.085,0.0,2023-02-01T00:00:00,agent,0.066006600660066,0.085,passed,"The 3-month IPMAN trend remains positive, but negative 1-month momentum, inverted yield curve, and tightening credit conditions suggest elevated risk, warranting a slight upward adjustment from the anchor.",up
origin-069,2023-01-01,2023-04-01T00:00:00,0.07902713853750384,0.10902713853750384,0.0,2023-05-01T00:00:00,agent,0.06732348111658457,0.12,clamped,"The 3-month IPMAN change is -2.28%, exceeding the stress threshold. While macro indicators like low unemployment and positive 3-month equity returns provide some cushion, the manufacturing sector is clearly showing signs of contraction.",up
origin-070,2023-04-01,2023-07-01T00:00:00,0.07604781012637062,0.085,0.0,2023-08-01T00:00:00,agent,0.06699346405228758,0.085,passed,"The 3-month IPMAN trend remains positive, but the inverted yield curve and negative equity returns suggest mounting macroeconomic headwinds, warranting a slight upward adjustment to the anchor probability.",up
origin-071,2023-07-01,2023-10-01T00:00:00,0.07241875816769912,0.0724,0.0,2023-11-01T00:00:00,agent,0.06666666666666667,0.0724,passed,"The IPMAN 3-month trend remains positive, and macroeconomic indicators like the unemployment rate and equity returns do not signal immediate manufacturing stress. The anchor probability is appropriate given the current stable data.",neutral
origin-072,2023-10-01,2024-01-01T00:00:00,0.06595035298251559,0.066,0.0,2024-02-01T00:00:00,agent,0.06634304207119741,0.066,passed,"IPMAN trends remain positive and stable. Macro indicators, including strong equity returns and low unemployment, suggest minimal near-term manufacturing stress risk. The anchor probability is well-aligned with current data.",neutral
origin-073,2024-01-01,2024-04-01T00:00:00,0.06339141818830044,0.09339141818830043,0.0,2024-05-01T00:00:00,agent,0.06602254428341385,0.12,clamped,"The 3-month IPMAN decline of 6.08% significantly exceeds the -2% stress threshold. While macro indicators like low unemployment and strong equity returns provide some buffer, the immediate manufacturing contraction signals elevated near-term stress risk.",up
origin-074,2024-04-01,2024-07-01T00:00:00,0.06245651227376395,0.06245651227376395,0.0,2024-08-01T00:00:00,agent,0.06570512820512821,0.06245651227376395,passed,"The IPMAN 3-month change is negative, but recent monthly data shows stabilization. Macro indicators like equity returns and credit spreads remain supportive, suggesting no immediate escalation in manufacturing stress risk.",neutral
origin-075,2024-07-01,2024-10-01T00:00:00,0.06515500672027999,0.065155,0.0,2024-11-01T00:00:00,agent,0.06539074960127592,0.065155,passed,"IPMAN trends remain stable with minimal short-term decline. Macro indicators like the yield curve and credit spreads do not currently signal imminent manufacturing stress, keeping the risk aligned with the statistical anchor.",neutral
origin-076,2024-10-01,2025-01-01T00:00:00,0.062220523455465575,0.0622,0.0,2025-02-01T00:00:00,agent,0.06507936507936508,0.0622,passed,"IPMAN trends remain stable, with the three-month decline well above the -2% stress threshold. Macro indicators like strong XLI returns and manageable credit spreads suggest continued resilience in the manufacturing sector.",neutral
