origin_id,as_of,forecast_date,anchor,adaptive_agent,outcome,outcome_released_at,status,historical_frequency,agent_probability,validation_status,rationale,direction,error
origin-001,2006-01-01,2006-04-01T00:00:00,0.05185185185185185,0.035,0.0,2006-05-01T00:00:00,agent,0.05185185185185185,0.035,passed,"Strong recent IPMAN growth of 2.65% over three months and positive industrial stock returns indicate low risk of manufacturing stress, justifying a downward adjustment from the anchor.",down,
origin-002,2006-04-01,2006-07-01T00:00:00,0.051470588235294115,0.06,0.0,2006-08-01T00:00:00,agent,0.051470588235294115,0.06,passed,"The anchor is adjusted slightly upward to 0.06. While strong six-month IPMAN growth and low volatility suggest stability, the inverted yield curve and elevated interest rates present mild headwinds for manufacturing.",neutral,
origin-003,2006-07-01,2006-10-01T00:00:00,0.051094890510948905,0.04,0.0,2006-11-01T00:00:00,agent,0.051094890510948905,0.04,passed,"Positive IPMAN growth and positive industrial stock returns suggest low immediate stress risk, though a flat yield curve and negative broad market returns warrant caution.",down,
origin-004,2006-10-01,2007-01-01T00:00:00,0.050724637681159424,0.045,0.0,2007-02-01T00:00:00,agent,0.050724637681159424,0.045,passed,"Positive three-month IPMAN growth of 0.66% suggests low stress risk, supporting a slight downward adjustment from the anchor, though negative short-term industrial stock returns (-4.74%) warrant caution.",down,
origin-005,2007-01-01,2007-04-01T00:00:00,0.050359712230215826,0.035,0.0,2007-05-01T00:00:00,agent,0.050359712230215826,0.035,passed,"Strong positive IPMAN growth (+1.16% over three months) and robust industrial stock returns (+5.86%) indicate expanding manufacturing activity, significantly reducing the near-term risk of stress below the statistical anchor.",down,
origin-006,2007-04-01,2007-07-01T00:00:00,0.05,0.035,0.0,2007-08-01T00:00:00,agent,0.05,0.035,passed,"Positive short-term and medium-term IPMAN growth, combined with positive industrial stock returns and low credit spreads, indicates extremely low risk of manufacturing stress, justifying a downward adjustment from the anchor.",down,
origin-007,2007-07-01,2007-10-01T00:00:00,0.04964539007092199,0.035,0.0,2007-11-01T00:00:00,agent,0.04964539007092199,0.035,passed,"Positive three-month IPMAN growth of 1.11% and strong industrial stock returns of 10.96% indicate robust manufacturing activity, justifying a downward adjustment from the anchor.",down,
origin-008,2007-10-01,2008-01-01T00:00:00,0.04929577464788732,0.035,0.0,2008-02-01T00:00:00,agent,0.04929577464788732,0.035,passed,"Positive three-month IPMAN growth of 0.17% and strong industrial stock returns of 5.76% indicate low risk of manufacturing stress, justifying a downward adjustment from the anchor.",down,
origin-009,2008-01-01,2008-04-01T00:00:00,0.04895104895104895,0.038,1.0,2008-05-01T00:00:00,agent,0.04895104895104895,0.038,passed,"Positive three-month IPMAN growth of 0.56% supports a below-anchor probability, but negative industrial stock returns and elevated VIX of 22.5 present countervailing risks.",neutral,
origin-010,2008-04-01,2008-07-01T00:00:00,0.04861111111111111,0.0786111111111111,1.0,2008-08-01T00:00:00,agent,0.04861111111111111,0.12,clamped,"Negative three-month IPMAN growth of -1.38%, elevated VIX of 25.61, and negative stock returns indicate significantly heightened risk of manufacturing stress, justifying an upward adjustment from the anchor.",up,
origin-011,2008-07-01,2008-10-01T00:00:00,0.021027985448047112,0.05102798544804711,1.0,2008-11-01T00:00:00,agent,0.052873563218390804,0.12,clamped,"Negative three-month IPMAN growth of -2.17% indicates current stress, while weak macro signals and negative stock returns suggest a high probability of continued manufacturing contraction.",up,
origin-012,2008-10-01,2009-01-01T00:00:00,0.05922524640834024,0.08922524640834023,1.0,2009-02-01T00:00:00,agent,0.0593607305936073,0.25,clamped,Severe contraction in IPMAN (-5.75% over three months) combined with extremely elevated VIX (39.39) and high unemployment (6.1%) signals a very high probability of continued manufacturing stress.,up,
origin-013,2009-01-01,2009-04-01T00:00:00,0.10708021324327416,0.13708021324327416,1.0,2009-05-01T00:00:00,agent,0.06575963718820861,0.28,clamped,"Severe IPMAN contraction of -6.40%, negative stock returns, and extreme financial stress (VIX at 40.0, credit spreads at 5.82%) indicate a very high risk of ongoing manufacturing stress, warranting a significant upward adjustment from the anchor.",up,
origin-014,2009-04-01,2009-07-01T00:00:00,0.15715231178206912,0.18715231178206912,0.0,2009-08-01T00:00:00,agent,0.07207207207207207,0.31,clamped,"Severe IPMAN contraction (-4.96% over three months) and extreme financial stress (VIX at 44.14, credit spreads at 5.74%) indicate a very high probability of manufacturing stress, warranting a significant upward adjustment from the anchor.",up,
origin-015,2009-07-01,2009-10-01T00:00:00,0.1592273864538388,0.185,0.0,2009-11-01T00:00:00,agent,0.07829977628635347,0.185,passed,"While strong stock returns suggest a potential recovery, the manufacturing sector remains in contraction with a -2.09% three-month IPMAN decline, extremely high unemployment (9.5%), and elevated credit spreads, justifying a moderate upward adjustment.",up,
origin-016,2009-10-01,2010-01-01T00:00:00,0.12129358330689059,0.106,0.0,2010-02-01T00:00:00,agent,0.07777777777777778,0.106,passed,"Strong positive three-month IPMAN growth of 3.94% indicates recovering manufacturing activity, justifying a downward adjustment from the anchor, though elevated unemployment and VIX remain countervailing risks.",down,
origin-017,2010-01-01,2010-04-01T00:00:00,0.12003811834286841,0.108,0.0,2010-05-01T00:00:00,agent,0.0772626931567329,0.108,passed,"Positive three-month IPMAN growth of 1.12% and rising stock returns justify adjusting the anchor downward, though elevated unemployment and high jobless claims remain key countervailing risks.",down,
origin-018,2010-04-01,2010-07-01T00:00:00,0.10515966200921582,0.092,0.0,2010-08-01T00:00:00,agent,0.07675438596491228,0.092,passed,"Positive three-month IPMAN growth of 2.55% and strong industrial stock returns indicate low near-term risk of manufacturing stress, justifying a downward adjustment from the statistical anchor.",down,
origin-019,2010-07-01,2010-10-01T00:00:00,0.11987381624233441,0.11,0.0,2010-11-01T00:00:00,agent,0.07625272331154684,0.11,passed,"While negative short-term stock returns and elevated VIX suggest financial headwinds, strong positive three-month IPMAN growth of 2.12% and consistent twelve-month recovery indicate low risk of near-term manufacturing stress.",neutral,
origin-020,2010-10-01,2011-01-01T00:00:00,0.10866271423403884,0.095,0.0,2011-02-01T00:00:00,agent,0.07575757575757576,0.095,passed,"Positive three-month IPMAN growth of 0.87% and strong equity returns indicate low near-term stress risk, justifying a downward adjustment from the anchor, despite elevated unemployment and VIX.",down,
origin-021,2011-01-01,2011-04-01T00:00:00,0.10495559568207133,0.092,0.0,2011-05-01T00:00:00,agent,0.07526881720430108,0.092,passed,"Positive three-month IPMAN growth of 0.69% and strong stock returns (SPY up 13.1%) indicate low risk of manufacturing stress, justifying a downward adjustment to 0.092 from the anchor of 0.105.",down,
origin-022,2011-04-01,2011-07-01T00:00:00,0.10243674126767946,0.09,0.0,2011-08-01T00:00:00,agent,0.07478632478632478,0.09,passed,"Positive three-month IPMAN growth of 0.99% and strong stock returns indicate low risk of manufacturing stress, justifying a downward adjustment to the anchor.",down,
origin-023,2011-07-01,2011-10-01T00:00:00,0.10493085970697577,0.1,0.0,2011-11-01T00:00:00,agent,0.07430997876857749,0.1,passed,"Slightly negative three-month IPMAN growth is offset by positive one-month and six-month growth and positive stock returns, suggesting low near-term stress risk. The anchor of 10.5% is slightly adjusted downward to 10.0%.",down,
origin-024,2011-10-01,2012-01-01T00:00:00,0.1088239291008327,0.1388239291008327,0.0,2012-02-01T00:00:00,agent,0.07383966244725738,0.16,clamped,"Positive three-month IPMAN growth suggests low immediate stress, but negative stock returns, elevated VIX, and high unemployment indicate significant macroeconomic headwinds, justifying an upward adjustment to the anchor.",up,
origin-025,2012-01-01,2012-04-01T00:00:00,0.09973118445152396,0.085,0.0,2012-05-01T00:00:00,agent,0.07337526205450734,0.085,passed,"Positive three-month IPMAN growth of 1.01% indicates low near-term risk of manufacturing stress, justifying a downward adjustment of 0.015 from the statistical anchor of 0.100.",down,
origin-026,2012-04-01,2012-07-01T00:00:00,0.09658645289691219,0.085,0.0,2012-08-01T00:00:00,agent,0.07291666666666667,0.085,passed,Positive three-month IPMAN growth and strong equity returns indicate low risk of manufacturing stress. We adjust the anchor downward to reflect these stable conditions.,down,
origin-027,2012-07-01,2012-10-01T00:00:00,0.09953056221357663,0.12953056221357662,0.0,2012-11-01T00:00:00,agent,0.07246376811594203,0.15,clamped,"Positive three-month IPMAN growth suggests low immediate stress, but negative stock returns, elevated VIX, high unemployment, and wide credit spreads indicate significant countervailing risk, justifying an upward adjustment to 0.15.",up,
origin-028,2012-10-01,2013-01-01T00:00:00,0.09231371983136508,0.092,0.0,2013-02-01T00:00:00,agent,0.0720164609053498,0.092,passed,"The statistical anchor of 9.2% is appropriate as mild three-month industrial production declines are offset by strong equity returns and stable financial indicators, suggesting low near-term risk of manufacturing stress.",neutral,
origin-029,2013-01-01,2013-04-01T00:00:00,0.08809272823641144,0.075,0.0,2013-05-01T00:00:00,agent,0.07157464212678936,0.075,passed,"Positive three-month industrial production growth of 1.15% and positive industrial stock returns indicate low risk of manufacturing stress, justifying a downward adjustment to the anchor.",down,
origin-030,2013-04-01,2013-07-01T00:00:00,0.08559617625648186,0.072,0.0,2013-08-01T00:00:00,agent,0.07113821138211382,0.072,passed,"Positive three-month industrial production growth and strong equity returns indicate low risk of manufacturing stress, justifying a downward adjustment from the statistical anchor.",down,
origin-031,2013-07-01,2013-10-01T00:00:00,0.08529225469636782,0.072,0.0,2013-11-01T00:00:00,agent,0.0707070707070707,0.072,passed,"Positive three-month IPMAN growth of 0.23% and stable financial indicators suggest low risk of manufacturing stress, justifying a downward adjustment from the anchor.",down,
origin-032,2013-10-01,2014-01-01T00:00:00,0.08232896096719547,0.08,0.0,2014-02-01T00:00:00,agent,0.07028112449799197,0.08,passed,"While three-month IPMAN growth is slightly negative, strong one-month and six-month growth combined with positive equity returns indicate low risk of manufacturing stress, keeping the forecast close to the statistical anchor.",neutral,
origin-033,2014-01-01,2014-04-01T00:00:00,0.07782185998456588,0.065,0.0,2014-05-01T00:00:00,agent,0.06986027944111776,0.065,passed,"Positive three-month IPMAN growth and strong equity returns indicate low risk of manufacturing stress, justifying a downward adjustment to the anchor.",down,
origin-034,2014-04-01,2014-07-01T00:00:00,0.0769426421012925,0.065,0.0,2014-08-01T00:00:00,agent,0.06944444444444445,0.065,passed,"Positive three-month industrial production growth of 0.76% and stable financial indicators suggest low risk of manufacturing stress, justifying a downward adjustment from the anchor.",down,
origin-035,2014-07-01,2014-10-01T00:00:00,0.07491594976599297,0.063,0.0,2014-11-01T00:00:00,agent,0.06903353057199212,0.063,passed,"Positive three-month IPMAN growth of 0.60% and stable financial indicators, including low VIX and positive stock returns, signal low risk of manufacturing stress, justifying a downward adjustment to the anchor.",down,
origin-036,2014-10-01,2015-01-01T00:00:00,0.07807840901504165,0.07,0.0,2015-02-01T00:00:00,agent,0.06862745098039216,0.07,passed,"With stable financial indicators, positive six-month industrial production growth, and only a minor three-month decline, the risk of manufacturing stress remains very low, justifying a slight downward adjustment to the anchor.",down,
origin-037,2015-01-01,2015-04-01T00:00:00,0.07585804222233525,0.063,0.0,2015-05-01T00:00:00,agent,0.0682261208576998,0.063,passed,"Positive three-month IPMAN growth of 0.42% and strong equity returns indicate low risk of manufacturing stress, justifying a downward adjustment from the statistical anchor.",down,
origin-038,2015-04-01,2015-07-01T00:00:00,0.07637911567038538,0.076,0.0,2015-08-01T00:00:00,agent,0.06782945736434108,0.076,passed,"With mild three-month industrial contraction offset by positive one-month growth and stable financial indicators, manufacturing stress risk remains low and near the statistical anchor.",neutral,
origin-039,2015-07-01,2015-10-01T00:00:00,0.07860947645016281,0.079,0.0,2015-11-01T00:00:00,agent,0.0674373795761079,0.079,passed,"With mild three-month IPMAN contraction and negative industrial stock returns offset by strong overall equity market performance and moderate financial indicators, manufacturing stress risk remains low and near the statistical anchor.",neutral,
origin-040,2015-10-01,2016-01-01T00:00:00,0.08005819537541234,0.11005819537541234,0.0,2016-02-01T00:00:00,agent,0.06704980842911877,0.14,clamped,"While three-month IPMAN growth is slightly positive, negative stock returns and an elevated VIX signal heightened risk, justifying an upward adjustment to 0.14.",up,
origin-041,2016-01-01,2016-04-01T00:00:00,0.07469960011477175,0.075,0.0,2016-05-01T00:00:00,agent,0.06666666666666667,0.075,passed,"With mild three-month industrial production declines and strong positive equity returns, the risk of manufacturing stress remains low, aligning closely with the statistical anchor.",neutral,
origin-042,2016-04-01,2016-07-01T00:00:00,0.07226057030158622,0.06,0.0,2016-08-01T00:00:00,agent,0.06628787878787878,0.06,passed,"Positive three-month IPMAN growth and stable financial indicators suggest low risk of manufacturing stress, justifying a downward adjustment to the anchor.",down,
origin-043,2016-07-01,2016-10-01T00:00:00,0.06975389535062998,0.058,0.0,2016-11-01T00:00:00,agent,0.06591337099811675,0.058,passed,"Positive three-month industrial production growth and stable financial indicators suggest low risk of manufacturing stress, justifying a downward adjustment to the anchor.",down,
origin-044,2016-10-01,2017-01-01T00:00:00,0.0666433306679528,0.06,0.0,2017-02-01T00:00:00,agent,0.06554307116104868,0.06,passed,"Stable financial indicators and positive one-month industrial production growth signal low risk of manufacturing stress, justifying a slight downward adjustment from the anchor.",down,
origin-045,2017-01-01,2017-04-01T00:00:00,0.06635728900565606,0.056,0.0,2017-05-01T00:00:00,agent,0.06517690875232775,0.056,passed,"With IPMAN nearly flat over three months (-0.01%) and positive over one month (+0.01%), combined with strong industrial stock returns (+7.10%) and low financial volatility, the risk of manufacturing stress remains extremely low, justifying a downward adjustment.",down,JSONDecodeError: Expecting value: line 1 column 1 (char 0)
origin-046,2017-04-01,2017-07-01T00:00:00,0.06335873060021925,0.063,0.0,2017-08-01T00:00:00,agent,0.06481481481481481,0.063,passed,"With a very mild three-month IPMAN decline of 0.28% and strong macroeconomic indicators, including positive equity returns and low financial volatility, the risk of manufacturing stress remains very low, aligning closely with the statistical anchor.",neutral,
origin-047,2017-07-01,2017-10-01T00:00:00,0.06086444725371942,0.049,0.0,2017-11-01T00:00:00,agent,0.06445672191528545,0.049,passed,"Positive three-month industrial production growth of 1.10% and stable financial indicators, including low VIX and positive stock returns, suggest low risk of manufacturing stress, justifying a downward adjustment from the anchor.",down,
origin-048,2017-10-01,2018-01-01T00:00:00,0.06229958596150195,0.06,0.0,2018-02-01T00:00:00,agent,0.0641025641025641,0.06,passed,"Mild three-month industrial production decline is offset by positive one-month and six-month growth, low financial volatility, and positive equity returns, indicating very low risk of manufacturing stress.",down,
origin-049,2018-01-01,2018-04-01T00:00:00,0.05827915225934176,0.045,0.0,2018-05-01T00:00:00,agent,0.06375227686703097,0.045,passed,"Positive three-month IPMAN growth of 0.88% and strong equity returns indicate low risk of manufacturing stress, justifying a downward adjustment from the statistical anchor.",down,
origin-050,2018-04-01,2018-07-01T00:00:00,0.06118790490045347,0.05,0.0,2018-08-01T00:00:00,agent,0.06340579710144928,0.05,passed,"Positive three-month IPMAN growth of 0.50% and strong twelve-month stock returns indicate low manufacturing stress risk, justifying a downward adjustment to 0.050 despite mildly negative three-month stock returns and a slightly elevated VIX.",down,
origin-051,2018-07-01,2018-10-01T00:00:00,0.058598146260498536,0.045,0.0,2018-11-01T00:00:00,agent,0.06306306306306306,0.045,passed,"Positive three-month industrial production growth and strong equity returns indicate low risk of manufacturing stress, justifying a downward adjustment from the anchor.",down,
origin-052,2018-10-01,2019-01-01T00:00:00,0.05569760018956157,0.042,0.0,2019-02-01T00:00:00,agent,0.06272401433691756,0.042,passed,"Positive three-month industrial production growth of 0.33% and strong equity returns indicate low risk of manufacturing stress, justifying a downward adjustment from the anchor.",down,
origin-053,2019-01-01,2019-04-01T00:00:00,0.06827461673294179,0.09827461673294179,0.0,2019-05-01T00:00:00,agent,0.062388591800356503,0.13,clamped,"Negative three-month stock returns and elevated VIX signal heightened risk, justifying an upward adjustment to the anchor, though actual industrial production declines remain mild.",up,
origin-054,2019-04-01,2019-07-01T00:00:00,0.05807466499500482,0.058,0.0,2019-08-01T00:00:00,agent,0.06205673758865248,0.058,passed,"A mild three-month IPMAN decline of 1.69% indicates some manufacturing weakness, but exceptionally strong equity returns and low financial volatility suggest low overall stress risk, keeping the probability near the anchor.",neutral,
origin-055,2019-07-01,2019-10-01T00:00:00,0.05754789438270565,0.048,0.0,2019-11-01T00:00:00,agent,0.06172839506172839,0.048,passed,"Positive short-term IPMAN growth and stable financial indicators, including positive three-month stock returns and low VIX, suggest low risk of manufacturing stress, justifying a slight downward adjustment from the anchor.",down,
origin-056,2019-10-01,2020-01-01T00:00:00,0.060790200938795266,0.061,0.0,2020-02-01T00:00:00,agent,0.06140350877192982,0.061,passed,"With a mild three-month IPMAN decline of -0.87% and stable financial indicators, manufacturing stress risk remains low, aligning closely with the statistical anchor.",neutral,
origin-057,2020-01-01,2020-04-01T00:00:00,0.05236029274383162,0.04,1.0,2020-05-01T00:00:00,agent,0.06108202443280977,0.04,passed,"Positive three-month industrial production growth and strong equity returns indicate low risk of manufacturing stress, justifying a downward adjustment to the anchor.",down,
origin-058,2020-04-01,2020-07-01T00:00:00,0.2134653196784244,0.24346531967842439,0.0,2020-08-01T00:00:00,agent,0.0625,0.363,clamped,"Deep IPMAN contraction (-4.64% over three months), extreme financial stress (VIX 53.54, SPY -19.45%), and unprecedented jobless claims indicate severe manufacturing stress risk, justifying an upward adjustment of 0.15 above the anchor.",up,
origin-059,2020-07-01,2020-10-01T00:00:00,0.07286580665074535,0.073,0.0,2020-11-01T00:00:00,agent,0.06735751295336788,0.073,passed,"Strong short-term IPMAN recovery and positive stock returns suggest lower risk, but elevated unemployment and VIX present countervailing concerns. A neutral outlook near the anchor is warranted due to potential stabilization pullbacks.",neutral,
origin-060,2020-10-01,2021-01-01T00:00:00,0.06807086528174569,0.055,0.0,2021-02-01T00:00:00,agent,0.06701030927835051,0.055,passed,"Strong positive three-month IPMAN growth of 5.14% and robust stock returns indicate low near-term risk of manufacturing stress, justifying a downward adjustment from the anchor.",down,
origin-061,2021-01-01,2021-04-01T00:00:00,0.06272214288797891,0.05,0.0,2021-05-01T00:00:00,agent,0.06666666666666667,0.05,passed,"Positive three-month IPMAN growth of 2.38% and strong equity returns indicate low near-term risk of manufacturing stress, justifying a downward adjustment from the statistical anchor.",down,
origin-062,2021-04-01,2021-07-01T00:00:00,0.06536475369726641,0.065,0.0,2021-08-01T00:00:00,agent,0.06802721088435375,0.065,passed,"Strong one-month and six-month industrial production growth suggest low risk of manufacturing stress, though elevated unemployment and high initial claims act as countervailing risk factors.",neutral,
origin-063,2021-07-01,2021-10-01T00:00:00,0.06918042740148753,0.054,0.0,2021-11-01T00:00:00,agent,0.0676818950930626,0.054,passed,"Positive three-month industrial production growth of 1.34% and strong equity returns indicate low risk of manufacturing stress, justifying a downward adjustment from the anchor.",down,
origin-064,2021-10-01,2022-01-01T00:00:00,0.07584595085885992,0.08,0.0,2022-02-01T00:00:00,agent,0.06734006734006734,0.08,passed,"The statistical anchor is adjusted slightly upward due to a sharp one-month IPMAN decline and elevated VIX, though positive three-month SPY returns and positive six-month IPMAN growth limit the overall risk.",up,
origin-065,2022-01-01,2022-04-01T00:00:00,0.0751297442943395,0.063,0.0,2022-05-01T00:00:00,agent,0.06700167504187604,0.063,passed,"Positive three-month IPMAN growth of 1.89% indicates low near-term stress risk, justifying a downward adjustment from the anchor, though elevated VIX and negative industrial stock returns present minor countervailing concerns.",down,
origin-066,2022-04-01,2022-07-01T00:00:00,0.0760919849231038,0.09,0.0,2022-08-01T00:00:00,agent,0.06666666666666667,0.09,passed,"Positive IPMAN growth suggests low immediate risk, but negative three-month stock returns and elevated VIX present countervailing concerns, justifying a minor upward adjustment from the anchor.",up,
origin-067,2022-07-01,2022-10-01T00:00:00,0.08583344477933963,0.11583344477933963,0.0,2022-11-01T00:00:00,agent,0.06633499170812604,0.165,clamped,"Negative three-month stock returns and elevated VIX signal heightened risk, justifying an upward adjustment from the anchor, while short-term industrial production declines further support increased stress probability.",up,
origin-068,2022-10-01,2023-01-01T00:00:00,0.07753300710825568,0.075,0.0,2023-02-01T00:00:00,agent,0.066006600660066,0.075,passed,"Mixed signals as positive but near-zero three-month IPMAN growth suggests low risk, while negative stock returns and elevated VIX indicate potential financial stress. The anchor is maintained with a minor downward adjustment.",neutral,
origin-069,2023-01-01,2023-04-01T00:00:00,0.0790271342835696,0.1090271342835696,0.0,2023-05-01T00:00:00,agent,0.06732348111658457,0.115,clamped,"Accelerating IPMAN decline (-1.75% over the last month) and an inverted yield curve indicate heightened risk of manufacturing stress, justifying a moderate upward adjustment to the anchor.",up,
origin-070,2023-04-01,2023-07-01T00:00:00,0.07604781186120307,0.065,0.0,2023-08-01T00:00:00,agent,0.06699346405228758,0.065,passed,"Positive three-month industrial production growth of 1.15% signals low near-term stress risk, justifying a downward adjustment to 0.065, despite negative three-month stock returns and an elevated VIX.",down,
origin-071,2023-07-01,2023-10-01T00:00:00,0.07241876080250163,0.06,0.0,2023-11-01T00:00:00,agent,0.06666666666666667,0.06,passed,"Positive three-month industrial production growth and stable financial indicators suggest low risk of manufacturing stress, justifying a slight downward adjustment to the anchor.",down,
origin-072,2023-10-01,2024-01-01T00:00:00,0.06595035026037338,0.052,0.0,2024-02-01T00:00:00,agent,0.06634304207119741,0.052,passed,"Positive three-month industrial production growth and strong equity returns indicate low risk of manufacturing stress, justifying a downward adjustment to the anchor.",down,
origin-073,2024-01-01,2024-04-01T00:00:00,0.06339141391737946,0.058,0.0,2024-05-01T00:00:00,agent,0.06602254428341385,0.058,passed,"With IPMAN three-month growth nearly flat at -0.06% and strong financial indicators, including low VIX and robust equity returns, the risk of manufacturing stress remains low, justifying a slight downward adjustment from the anchor.",down,
origin-074,2024-04-01,2024-07-01T00:00:00,0.06245651045813358,0.06,0.0,2024-08-01T00:00:00,agent,0.06570512820512821,0.06,passed,"The statistical anchor is low at 0.062. While three-month IPMAN growth is slightly negative, strong equity returns and low financial volatility suggest a stable environment, justifying a minor downward adjustment.",neutral,
origin-075,2024-07-01,2024-10-01T00:00:00,0.06515500782845174,0.065,0.0,2024-11-01T00:00:00,agent,0.06539074960127592,0.065,passed,"Mild three-month industrial production decline and negative industrial stock returns suggest slightly elevated risk, but strong overall equity returns and low market volatility keep the outlook stable, aligning closely with the statistical anchor.",neutral,
origin-076,2024-10-01,2025-01-01T00:00:00,0.06222051977876165,0.062,0.0,2025-02-01T00:00:00,agent,0.06507936507936508,0.062,passed,"With mild three-month IPMAN declines but strong equity returns and stable macroeconomic indicators, the risk of manufacturing stress remains low and aligned with the statistical anchor.",neutral,
