as_of,forecast_date,historical_frequency,logistic_c_0_001,xgb_50_depth2_lr0_03_minchild3_l2_5,outcome
2003-01-01,2003-04-01,0.056910569105691054,0.056910569105691054,0.056910569105691054,0.0
2003-02-01,2003-05-01,0.05675675675675676,0.05675675675675676,0.05675675675675676,0.0
2003-03-01,2003-06-01,0.05660377358490566,0.05660377358490566,0.05660377358490566,0.0
2003-04-01,2003-07-01,0.056451612903225805,0.056451612903225805,0.056451612903225805,0.0
2003-05-01,2003-08-01,0.05630026809651475,0.05630026809651475,0.05630026809651475,0.0
2003-06-01,2003-09-01,0.05614973262032086,0.05614973262032086,0.05614973262032086,0.0
2003-07-01,2003-10-01,0.056,0.056,0.056,0.0
2003-08-01,2003-11-01,0.05585106382978723,0.05585106382978723,0.05585106382978723,0.0
2003-09-01,2003-12-01,0.05570291777188329,0.05570291777188329,0.05570291777188329,0.0
2003-10-01,2004-01-01,0.05555555555555555,0.05555555555555555,0.05555555555555555,0.0
2003-11-01,2004-02-01,0.055408970976253295,0.055408970976253295,0.055408970976253295,0.0
2003-12-01,2004-03-01,0.05526315789473684,0.05526315789473684,0.05526315789473684,0.0
2004-01-01,2004-04-01,0.05511811023622047,0.05511811023622047,0.05511811023622047,0.0
2004-02-01,2004-05-01,0.0549738219895288,0.0549738219895288,0.0549738219895288,0.0
2004-03-01,2004-06-01,0.05483028720626632,0.05483028720626632,0.05483028720626632,0.0
2004-04-01,2004-07-01,0.0546875,0.0546875,0.0546875,0.0
2004-05-01,2004-08-01,0.05454545454545454,0.05454545454545454,0.05454545454545454,0.0
2004-06-01,2004-09-01,0.054404145077720206,0.054404145077720206,0.054404145077720206,0.0
2004-07-01,2004-10-01,0.05426356589147287,0.05426356589147287,0.05426356589147287,0.0
2004-08-01,2004-11-01,0.05412371134020619,0.05412371134020619,0.05412371134020619,0.0
2004-09-01,2004-12-01,0.05398457583547558,0.05398457583547558,0.05398457583547558,0.0
2004-10-01,2005-01-01,0.05384615384615385,0.05384615384615385,0.05384615384615385,0.0
2004-11-01,2005-02-01,0.05370843989769821,0.05370843989769821,0.05370843989769821,0.0
2004-12-01,2005-03-01,0.05357142857142857,0.05357142857142857,0.05357142857142857,0.0
2005-01-01,2005-04-01,0.05343511450381679,0.05343511450381679,0.05343511450381679,0.0
2005-02-01,2005-05-01,0.0532994923857868,0.0532994923857868,0.0532994923857868,0.0
2005-03-01,2005-06-01,0.053164556962025315,0.053164556962025315,0.053164556962025315,0.0
2005-04-01,2005-07-01,0.05303030303030303,0.05303030303030303,0.05303030303030303,0.0
2005-05-01,2005-08-01,0.05289672544080604,0.05289672544080604,0.05289672544080604,0.0
2005-06-01,2005-09-01,0.052763819095477386,0.052763819095477386,0.052763819095477386,0.0
2005-07-01,2005-10-01,0.05263157894736842,0.05263157894736842,0.05263157894736842,0.0
2005-08-01,2005-11-01,0.0525,0.0525,0.0525,0.0
2005-09-01,2005-12-01,0.05236907730673317,0.05236907730673317,0.05236907730673317,0.0
2005-10-01,2006-01-01,0.05223880597014925,0.05223880597014925,0.05223880597014925,0.0
2005-11-01,2006-02-01,0.052109181141439205,0.052109181141439205,0.052109181141439205,0.0
2005-12-01,2006-03-01,0.05198019801980198,0.05198019801980198,0.05198019801980198,0.0
2006-01-01,2006-04-01,0.05185185185185185,0.05185185185185185,0.05185185185185185,0.0
2006-02-01,2006-05-01,0.05172413793103448,0.05172413793103448,0.05172413793103448,0.0
2006-03-01,2006-06-01,0.051597051597051594,0.051597051597051594,0.051597051597051594,0.0
2006-04-01,2006-07-01,0.051470588235294115,0.051470588235294115,0.051470588235294115,0.0
2006-05-01,2006-08-01,0.05134474327628362,0.05134474327628362,0.05134474327628362,0.0
2006-06-01,2006-09-01,0.05121951219512195,0.05121951219512195,0.05121951219512195,0.0
2006-07-01,2006-10-01,0.051094890510948905,0.051094890510948905,0.051094890510948905,0.0
2006-08-01,2006-11-01,0.050970873786407765,0.050970873786407765,0.050970873786407765,0.0
2006-09-01,2006-12-01,0.05084745762711865,0.05084745762711865,0.05084745762711865,0.0
2006-10-01,2007-01-01,0.050724637681159424,0.050724637681159424,0.050724637681159424,0.0
2006-11-01,2007-02-01,0.05060240963855422,0.05060240963855422,0.05060240963855422,0.0
2006-12-01,2007-03-01,0.05048076923076923,0.05048076923076923,0.05048076923076923,0.0
2007-01-01,2007-04-01,0.050359712230215826,0.050359712230215826,0.050359712230215826,0.0
2007-02-01,2007-05-01,0.050239234449760764,0.050239234449760764,0.050239234449760764,0.0
2007-03-01,2007-06-01,0.050119331742243436,0.050119331742243436,0.050119331742243436,0.0
2007-04-01,2007-07-01,0.05,0.05,0.05,0.0
2007-05-01,2007-08-01,0.0498812351543943,0.0498812351543943,0.0498812351543943,0.0
2007-06-01,2007-09-01,0.04976303317535545,0.04976303317535545,0.04976303317535545,0.0
2007-07-01,2007-10-01,0.04964539007092199,0.04964539007092199,0.04964539007092199,0.0
2007-08-01,2007-11-01,0.049528301886792456,0.049528301886792456,0.049528301886792456,0.0
2007-09-01,2007-12-01,0.04941176470588235,0.04941176470588235,0.04941176470588235,0.0
2007-10-01,2008-01-01,0.04929577464788732,0.04929577464788732,0.04929577464788732,0.0
2007-11-01,2008-02-01,0.04918032786885246,0.04918032786885246,0.04918032786885246,0.0
2007-12-01,2008-03-01,0.04906542056074766,0.04906542056074766,0.04906542056074766,0.0
2008-01-01,2008-04-01,0.04895104895104895,0.04895104895104895,0.04895104895104895,1.0
2008-02-01,2008-05-01,0.04883720930232558,0.04883720930232558,0.04883720930232558,0.0
2008-03-01,2008-06-01,0.048723897911832945,0.048723897911832945,0.048723897911832945,1.0
2008-04-01,2008-07-01,0.04861111111111111,0.04861111111111111,0.04861111111111111,1.0
2008-05-01,2008-08-01,0.050808314087759814,0.010485229952966295,0.01046311017125845,1.0
2008-06-01,2008-09-01,0.05069124423963134,0.01037714051610639,0.010357731021940708,1.0
2008-07-01,2008-10-01,0.052873563218390804,0.021027985618432794,0.02019735984504223,1.0
2008-08-01,2008-11-01,0.05504587155963303,0.03226541827475644,0.029722310602664948,1.0
2008-09-01,2008-12-01,0.057208237986270026,0.04378235106966707,0.038937635719776154,1.0
2008-10-01,2009-01-01,0.0593607305936073,0.059225243796909736,0.048549022525548935,1.0
2008-11-01,2009-02-01,0.06150341685649203,0.06989562707884642,0.05763077735900879,1.0
2008-12-01,2009-03-01,0.06363636363636363,0.09131401660794328,0.06660588085651398,1.0
2009-01-01,2009-04-01,0.06575963718820861,0.10708020808063291,0.08569338172674179,1.0
2009-02-01,2009-05-01,0.06787330316742081,0.13015935145736976,0.12467934936285019,1.0
2009-03-01,2009-06-01,0.06997742663656885,0.1365975428175395,0.11762158572673798,1.0
2009-04-01,2009-07-01,0.07207207207207207,0.15715228829032848,0.19960342347621918,0.0
2009-05-01,2009-08-01,0.07415730337078652,0.15277302820745664,0.25650471448898315,0.0
2009-06-01,2009-09-01,0.07623318385650224,0.1533089021093838,0.29579514265060425,0.0
2009-07-01,2009-10-01,0.07829977628635347,0.15922740664469048,0.3330456614494324,0.0
2009-08-01,2009-11-01,0.078125,0.1385791858630046,0.26689469814300537,0.0
2009-09-01,2009-12-01,0.0779510022271715,0.1317414480278953,0.2644801437854767,0.0
2009-10-01,2010-01-01,0.07777777777777778,0.1212935902128316,0.2402152270078659,0.0
2009-11-01,2010-02-01,0.07760532150776053,0.12398674477228067,0.24644699692726135,0.0
2009-12-01,2010-03-01,0.07743362831858407,0.11748030244213037,0.24382233619689941,0.0
2010-01-01,2010-04-01,0.0772626931567329,0.1200381123115725,0.2407969832420349,0.0
2010-02-01,2010-05-01,0.07709251101321586,0.11402922709713319,0.22379451990127563,0.0
2010-03-01,2010-06-01,0.07692307692307693,0.11356340963504548,0.22175845503807068,0.0
2010-04-01,2010-07-01,0.07675438596491228,0.10515967748865784,0.21213480830192566,0.0
2010-05-01,2010-08-01,0.07658643326039387,0.10452647840784295,0.19559691846370697,0.0
2010-06-01,2010-09-01,0.07641921397379912,0.110387661897597,0.19259454309940338,0.0
2010-07-01,2010-10-01,0.07625272331154684,0.11987383074193433,0.21573854982852936,0.0
2010-08-01,2010-11-01,0.07608695652173914,0.11836098906519596,0.20866744220256805,0.0
2010-09-01,2010-12-01,0.07592190889370933,0.11601915415348457,0.20596636831760406,0.0
2010-10-01,2011-01-01,0.07575757575757576,0.10866270836402907,0.16809622943401337,0.0
2010-11-01,2011-02-01,0.0755939524838013,0.10978355435848869,0.15587018430233002,0.0
2010-12-01,2011-03-01,0.07543103448275862,0.10769786142392199,0.1531272977590561,0.0
2011-01-01,2011-04-01,0.07526881720430108,0.10495561871884902,0.14157813787460327,0.0
2011-02-01,2011-05-01,0.07510729613733906,0.10410147489314457,0.1397678256034851,0.0
2011-03-01,2011-06-01,0.07494646680942184,0.10163816288371696,0.13421109318733215,0.0
2011-04-01,2011-07-01,0.07478632478632478,0.10243673612412553,0.12820301949977875,0.0
2011-05-01,2011-08-01,0.07462686567164178,0.10590720965761306,0.14094434678554535,0.0
2011-06-01,2011-09-01,0.07446808510638298,0.10495521574081938,0.12370926141738892,0.0
2011-07-01,2011-10-01,0.07430997876857749,0.1049308639449573,0.1400844305753708,0.0
2011-08-01,2011-11-01,0.07415254237288135,0.10687616942158337,0.1397274136543274,0.0
2011-09-01,2011-12-01,0.07399577167019028,0.10890409092863575,0.14183829724788666,0.0
2011-10-01,2012-01-01,0.07383966244725738,0.10882391711856196,0.14147323369979858,0.0
2011-11-01,2012-02-01,0.07368421052631578,0.10399660816945892,0.12164284288883209,0.0
2011-12-01,2012-03-01,0.07352941176470588,0.1037478893756843,0.10451194643974304,0.0
2012-01-01,2012-04-01,0.07337526205450734,0.09973118746200597,0.0975593850016594,0.0
2012-02-01,2012-05-01,0.07322175732217573,0.09548981857402875,0.09547895938158035,0.0
2012-03-01,2012-06-01,0.07306889352818371,0.09343134740750456,0.09154103696346283,0.0
2012-04-01,2012-07-01,0.07291666666666667,0.09658646217767254,0.0965973362326622,0.0
2012-05-01,2012-08-01,0.07276507276507277,0.09563483501161144,0.08429684489965439,0.0
2012-06-01,2012-09-01,0.07261410788381743,0.10276711941104116,0.11530039459466934,0.0
2012-07-01,2012-10-01,0.07246376811594203,0.09953056535814425,0.10370852798223495,0.0
2012-08-01,2012-11-01,0.07231404958677685,0.09809683823440596,0.09743358194828033,0.0
2012-09-01,2012-12-01,0.07216494845360824,0.09778748701213621,0.09130846709012985,0.0
2012-10-01,2013-01-01,0.0720164609053498,0.09231371563849554,0.1351645588874817,0.0
2012-11-01,2013-02-01,0.07186858316221766,0.09402650842664262,0.14619410037994385,0.0
2012-12-01,2013-03-01,0.07172131147540983,0.09032521576008803,0.08442749083042145,0.0
2013-01-01,2013-04-01,0.07157464212678936,0.08809271494825952,0.0775233656167984,0.0
2013-02-01,2013-05-01,0.07142857142857142,0.08702573116959499,0.07227101922035217,0.0
2013-03-01,2013-06-01,0.07128309572301425,0.08504460226068444,0.0640774816274643,0.0
2013-04-01,2013-07-01,0.07113821138211382,0.08559618929311476,0.06323033571243286,0.0
2013-05-01,2013-08-01,0.07099391480730223,0.08624131928400099,0.06105157732963562,0.0
2013-06-01,2013-09-01,0.0708502024291498,0.0850547077340887,0.07136110216379166,0.0
2013-07-01,2013-10-01,0.0707070707070707,0.08529226120113756,0.06250153481960297,0.0
2013-08-01,2013-11-01,0.07056451612903226,0.0855136868260235,0.09414423257112503,0.0
2013-09-01,2013-12-01,0.07042253521126761,0.08011314902043473,0.06105771288275719,0.0
2013-10-01,2014-01-01,0.07028112449799197,0.0823289470322327,0.06527628004550934,0.0
2013-11-01,2014-02-01,0.07014028056112225,0.07875733521934522,0.05343838036060333,0.0
2013-12-01,2014-03-01,0.07,0.08003103646538487,0.0549253486096859,0.0
2014-01-01,2014-04-01,0.06986027944111776,0.07782186965617265,0.05593293160200119,0.0
2014-02-01,2014-05-01,0.0697211155378486,0.08087232601605403,0.1513594388961792,0.0
2014-03-01,2014-06-01,0.06958250497017893,0.07945480004459927,0.0755428746342659,0.0
2014-04-01,2014-07-01,0.06944444444444445,0.07694263505860066,0.0482531301677227,0.0
2014-05-01,2014-08-01,0.06930693069306931,0.07589718154320822,0.05131769925355911,0.0
2014-06-01,2014-09-01,0.0691699604743083,0.0755539216909008,0.04754456877708435,0.0
2014-07-01,2014-10-01,0.06903353057199212,0.07491595688133292,0.04873888939619064,0.0
2014-08-01,2014-11-01,0.0688976377952756,0.07555179984999323,0.046659864485263824,0.0
2014-09-01,2014-12-01,0.068762278978389,0.07690577113162995,0.04819269850850105,0.0
2014-10-01,2015-01-01,0.06862745098039216,0.07807841716247967,0.046659551560878754,0.0
2014-11-01,2015-02-01,0.0684931506849315,0.07859381954568209,0.07498230040073395,0.0
2014-12-01,2015-03-01,0.068359375,0.07326257720874806,0.04290983825922012,0.0
2015-01-01,2015-04-01,0.0682261208576998,0.07585804108519786,0.04260949790477753,0.0
2015-02-01,2015-05-01,0.06809338521400778,0.07692907802025543,0.06746987998485565,0.0
2015-03-01,2015-06-01,0.06796116504854369,0.08108288340191049,0.12823039293289185,0.0
2015-04-01,2015-07-01,0.06782945736434108,0.07637910409926625,0.11108243465423584,0.0
2015-05-01,2015-08-01,0.06769825918762089,0.07480200247762717,0.07586538791656494,0.0
2015-06-01,2015-09-01,0.06756756756756757,0.07555281509542122,0.058219704777002335,0.0
2015-07-01,2015-10-01,0.0674373795761079,0.07860948364014847,0.08093839138746262,0.0
2015-08-01,2015-11-01,0.0673076923076923,0.07397803349670763,0.04812454804778099,0.0
2015-09-01,2015-12-01,0.0671785028790787,0.08094572606890046,0.07574960589408875,0.0
2015-10-01,2016-01-01,0.06704980842911877,0.08005818769421627,0.08161109685897827,0.0
2015-11-01,2016-02-01,0.06692160611854685,0.08071858423222134,0.17219039797782898,0.0
2015-12-01,2016-03-01,0.06679389312977099,0.07450010466122824,0.12405337393283844,0.0
2016-01-01,2016-04-01,0.06666666666666667,0.07469960575117887,0.11448783427476883,0.0
2016-02-01,2016-05-01,0.06653992395437262,0.07797370979478403,0.08951696008443832,0.0
2016-03-01,2016-06-01,0.06641366223908918,0.07922218427684126,0.08786275237798691,0.0
2016-04-01,2016-07-01,0.06628787878787878,0.0722605736135765,0.05335363745689392,0.0
2016-05-01,2016-08-01,0.0661625708884688,0.07273664626301816,0.07691901177167892,0.0
2016-06-01,2016-09-01,0.0660377358490566,0.06960756645860806,0.04751044139266014,0.0
2016-07-01,2016-10-01,0.06591337099811675,0.06975389077516474,0.0374666228890419,0.0
2016-08-01,2016-11-01,0.06578947368421052,0.06779956187266013,0.036179669201374054,0.0
2016-09-01,2016-12-01,0.06566604127579738,0.06825991844720757,0.043545663356781006,0.0
2016-10-01,2017-01-01,0.06554307116104868,0.06664332907141707,0.03737984225153923,0.0
2016-11-01,2017-02-01,0.06542056074766354,0.06982664749134979,0.03664655610918999,0.0
2016-12-01,2017-03-01,0.06529850746268656,0.06644373417748742,0.0339883528649807,0.0
2017-01-01,2017-04-01,0.06517690875232775,0.06635727900022499,0.033806975930929184,0.0
2017-02-01,2017-05-01,0.06505576208178439,0.06235396542000096,0.033666837960481644,0.0
2017-03-01,2017-06-01,0.06493506493506493,0.062761562220296,0.03350213170051575,0.0
2017-04-01,2017-07-01,0.06481481481481481,0.06335873186845359,0.04240622743964195,0.0
2017-05-01,2017-08-01,0.06469500924214418,0.05921915581390112,0.03315786272287369,0.0
2017-06-01,2017-09-01,0.06457564575645756,0.06220142708197036,0.032977938652038574,0.0
2017-07-01,2017-10-01,0.06445672191528545,0.060864450232186174,0.0328068770468235,0.0
2017-08-01,2017-11-01,0.06433823529411764,0.0631216027367816,0.06414718180894852,0.0
2017-09-01,2017-12-01,0.06422018348623854,0.06309354869693184,0.061944570392370224,0.0
2017-10-01,2018-01-01,0.0641025641025641,0.062299586800686355,0.05708112195134163,0.0
2017-11-01,2018-02-01,0.06398537477148081,0.056564697405313606,0.03208092600107193,0.0
2017-12-01,2018-03-01,0.06386861313868614,0.05729297579218834,0.03193248435854912,0.0
2018-01-01,2018-04-01,0.06375227686703097,0.058279154429694585,0.03177805617451668,0.0
2018-02-01,2018-05-01,0.06363636363636363,0.057800215268316704,0.05368804931640625,0.0
2018-03-01,2018-06-01,0.06352087114337568,0.05796100422606447,0.03053688071668148,0.0
2018-04-01,2018-07-01,0.06340579710144928,0.06118790295779562,0.031238209456205368,0.0
2018-05-01,2018-08-01,0.06329113924050633,0.05962394849916769,0.0452791191637516,0.0
2018-06-01,2018-09-01,0.0631768953068592,0.06336616418780251,0.040302377194166183,0.0
2018-07-01,2018-10-01,0.06306306306306306,0.058598139099190864,0.03724895417690277,0.0
2018-08-01,2018-11-01,0.06294964028776978,0.05714126743869602,0.029770338907837868,0.0
2018-09-01,2018-12-01,0.06283662477558348,0.05571479268214574,0.029548129066824913,0.0
2018-10-01,2019-01-01,0.06272401433691756,0.055697599585878096,0.029430976137518883,0.0
2018-11-01,2019-02-01,0.0626118067978533,0.06453510516028889,0.04473748803138733,0.0
2018-12-01,2019-03-01,0.0625,0.06427456796995018,0.08191428333520889,0.0
2019-01-01,2019-04-01,0.062388591800356503,0.0682746142427943,0.0664743185043335,0.0
2019-02-01,2019-05-01,0.06227758007117438,0.06430844123473252,0.11257023364305496,0.0
2019-03-01,2019-06-01,0.06216696269982238,0.06206809197402142,0.10564570873975754,0.0
2019-04-01,2019-07-01,0.06205673758865248,0.0580746545782975,0.07429169118404388,0.0
2019-05-01,2019-08-01,0.061946902654867256,0.0595759886992005,0.0875810980796814,0.0
2019-06-01,2019-09-01,0.061837455830388695,0.057075291199584224,0.08121074736118317,0.0
2019-07-01,2019-10-01,0.06172839506172839,0.05754789572472395,0.03735937923192978,0.0
2019-08-01,2019-11-01,0.061619718309859156,0.0605126399118806,0.04063943400979042,0.0
2019-09-01,2019-12-01,0.061511423550087874,0.0560311769260265,0.03012573905289173,0.0
2019-10-01,2020-01-01,0.06140350877192982,0.06079020266281497,0.09804020822048187,0.0
2019-11-01,2020-02-01,0.06129597197898424,0.05884761040277485,0.07896461337804794,0.0
2019-12-01,2020-03-01,0.06118881118881119,0.05487324668582813,0.07001560926437378,1.0
2020-01-01,2020-04-01,0.06108202443280977,0.05236029440054992,0.03234580159187317,1.0
2020-02-01,2020-05-01,0.06097560975609756,0.05214007706586915,0.028514422476291656,1.0
2020-03-01,2020-06-01,0.06086956521739131,0.05411987438568732,0.030489405617117882,1.0
2020-04-01,2020-07-01,0.0625,0.21346531352405174,0.19080454111099243,0.0
2020-05-01,2020-08-01,0.06412478336221837,0.2752425634903421,0.19540154933929443,0.0
2020-06-01,2020-09-01,0.0657439446366782,0.11178367175276946,0.1752147525548935,0.0
2020-07-01,2020-10-01,0.06735751295336788,0.07286582316555656,0.1492861956357956,0.0
2020-08-01,2020-11-01,0.06724137931034482,0.04924638715816705,0.08257922530174255,0.0
2020-09-01,2020-12-01,0.06712564543889846,0.060800590035163166,0.08340997993946075,0.0
2020-10-01,2021-01-01,0.06701030927835051,0.06807085900407084,0.03486982733011246,0.0
2020-11-01,2021-02-01,0.06689536878216124,0.06009904212997759,0.03433886170387268,1.0
2020-12-01,2021-03-01,0.06678082191780822,0.06138892587331646,0.0346476212143898,0.0
2021-01-01,2021-04-01,0.06666666666666667,0.06272213522802074,0.03498426824808121,0.0
2021-02-01,2021-05-01,0.06655290102389079,0.06540021670102107,0.034286510199308395,0.0
2021-03-01,2021-06-01,0.06814310051107325,0.07739872217006542,0.16520242393016815,0.0
2021-04-01,2021-07-01,0.06802721088435375,0.06536475934309403,0.05345454066991806,0.0
2021-05-01,2021-08-01,0.06791171477079797,0.06816210006540684,0.08275952190160751,0.0
2021-06-01,2021-09-01,0.06779661016949153,0.06527782409365528,0.05169600248336792,0.0
2021-07-01,2021-10-01,0.0676818950930626,0.06918041631919535,0.05340759456157684,0.0
2021-08-01,2021-11-01,0.06756756756756757,0.06828587015533424,0.052339818328619,0.0
2021-09-01,2021-12-01,0.06745362563237774,0.07058963597598167,0.05646283179521561,0.0
2021-10-01,2022-01-01,0.06734006734006734,0.07584594304845473,0.09741431474685669,0.0
2021-11-01,2022-02-01,0.06722689075630252,0.06988473195393753,0.053314466029405594,0.0
2021-12-01,2022-03-01,0.06711409395973154,0.07533512739997662,0.06611351668834686,0.0
2022-01-01,2022-04-01,0.06700167504187604,0.07512973754087852,0.06385363638401031,0.0
2022-02-01,2022-05-01,0.06688963210702341,0.07761197758392928,0.1316995769739151,0.0
2022-03-01,2022-06-01,0.0667779632721202,0.07876728210698748,0.060078538954257965,0.0
2022-04-01,2022-07-01,0.06666666666666667,0.07609198407430162,0.0537344329059124,0.0
2022-05-01,2022-08-01,0.06655574043261231,0.07567159194629715,0.05565665662288666,0.0
2022-06-01,2022-09-01,0.0664451827242525,0.08015864893509414,0.13615785539150238,0.0
2022-07-01,2022-10-01,0.06633499170812604,0.08583344792026251,0.18239393830299377,0.0
2022-08-01,2022-11-01,0.06622516556291391,0.07675681668801715,0.07607757300138474,0.0
2022-09-01,2022-12-01,0.06611570247933884,0.07824471152641767,0.11705830693244934,1.0
2022-10-01,2023-01-01,0.066006600660066,0.07753301662479534,0.12166320532560349,0.0
2022-11-01,2023-02-01,0.06589785831960461,0.0770177332872563,0.11347996443510056,0.0
2022-12-01,2023-03-01,0.06578947368421052,0.07245707855471918,0.1219702884554863,0.0
2023-01-01,2023-04-01,0.06732348111658457,0.07902713405170103,0.19489134848117828,0.0
2023-02-01,2023-05-01,0.06721311475409836,0.07404406226553062,0.16867397725582123,0.0
2023-03-01,2023-06-01,0.06710310965630115,0.07677106308933045,0.13689368963241577,0.0
2023-04-01,2023-07-01,0.06699346405228758,0.0760478107579301,0.14829152822494507,0.0
2023-05-01,2023-08-01,0.06688417618270799,0.07281335105672661,0.12733976542949677,0.0
2023-06-01,2023-09-01,0.06677524429967427,0.0731580469776861,0.05901749059557915,0.0
2023-07-01,2023-10-01,0.06666666666666667,0.07241876196930487,0.0554676279425621,0.0
2023-08-01,2023-11-01,0.06655844155844155,0.06686595910289961,0.056616075336933136,0.0
2023-09-01,2023-12-01,0.06645056726094004,0.06689873174409579,0.05824887752532959,0.0
2023-10-01,2024-01-01,0.06634304207119741,0.06595035296325284,0.052517544478178024,0.0
2023-11-01,2024-02-01,0.06623586429725363,0.07423002444021731,0.13287097215652466,0.0
2023-12-01,2024-03-01,0.06612903225806452,0.06833140335306491,0.05574515834450722,0.0
2024-01-01,2024-04-01,0.06602254428341385,0.06339141290228856,0.05007329210639,0.0
2024-02-01,2024-05-01,0.06591639871382636,0.06486932490154232,0.13863269984722137,0.0
2024-03-01,2024-06-01,0.06581059390048154,0.06196823108963551,0.05506297945976257,0.0
2024-04-01,2024-07-01,0.06570512820512821,0.06245650273739738,0.05230935290455818,0.0
2024-05-01,2024-08-01,0.0656,0.06416632859102671,0.054923899471759796,0.0
2024-06-01,2024-09-01,0.06549520766773163,0.06359252666069214,0.04999690130352974,0.0
2024-07-01,2024-10-01,0.06539074960127592,0.0651550087014717,0.049490977078676224,0.0
2024-08-01,2024-11-01,0.06528662420382166,0.06405422656814451,0.0506272092461586,0.0
2024-09-01,2024-12-01,0.06518282988871224,0.06333306608572092,0.04673948884010315,0.0
2024-10-01,2025-01-01,0.06507936507936508,0.06222051452632828,0.13383495807647705,0.0
2024-11-01,2025-02-01,0.06497622820919176,0.06360276088962152,0.11750049144029617,0.0
2024-12-01,2025-03-01,0.06487341772151899,0.06305066236526655,0.12801438570022583,0.0
