candidate,mean_brier,delta_vs_baseline,brier_skill,scored,skipped
historical_frequency,0.035598323764741764,0.0,0.0,28,0
logistic_c_0_001,0.037980926440430766,0.0023826026756890023,-0.06693019287747592,28,0
xgb_50_depth2_lr0_03_minchild3_l2_5,0.04216220222804962,0.006563878463307853,-0.1843872904434063,28,0
xgb_25_depth1_lr0_03,0.042621683593163096,0.007023359828421331,-0.19729467811002932,28,0
xgb_25_depth1_lr0_05,0.04849049696927073,0.012892173204528963,-0.3621567490011417,28,0
logistic_c_0_003,0.05162493536217167,0.016026611597429907,-0.45020691713870553,28,0
xgb_50_depth1_lr0_03,0.05208227693716998,0.016483953172428213,-0.46305419551115734,28,0
xgb_50_depth2_lr0_03,0.06432119853052291,0.02872287476578115,-0.8068603161093113,28,0
xgb_50_depth1_lr0_05,0.06815507475485386,0.03255675099011209,-0.9145585394770135,28,0
logistic_c_0_01,0.07156008314641618,0.03596175938167442,-1.010209346353904,28,0
xgb_100_depth2_lr0_02,0.07486682958634613,0.03926850582160437,-1.1030998560808003,28,0
logistic_c_0_03,0.08658870705719919,0.05099038329245743,-1.4323815814878529,28,0
xgb_100_depth2_lr0_05,0.10357647436934099,0.06797815060459922,-1.9095885259611003,28,0
logistic_c_0_1,0.1313974166211522,0.09579909285641044,-2.6911124661238772,28,0
logistic_c_1_0,0.2326936666367168,0.19709534287197505,-5.536646730180802,28,0
